lon,lat,species
121.157942,52.959331,杜香
121.30875,52.924331,杜香
122.05236100000002,52.356528,杜香
121.99889700000001,52.347389,杜香
122.058753,52.349583,杜香
122.074861,52.340997,杜香
122.00015,52.332103,杜香
122.027083,52.311156,杜香
122.307517,52.314753,杜香
122.193667,52.283958,杜香
121.797083,52.282936,杜香
122.11375000000001,52.280417,杜香
122.19858099999999,52.282731000000005,杜香
121.755697,52.247917,杜香
122.04927,52.24662,杜香
122.62028099999999,52.244944,杜香
121.900694,52.237639,杜香
122.43630600000002,52.23587200000001,杜香
122.63099700000001,52.23847200000001,杜香
122.67298600000001,52.23350000000001,杜香
121.77710000000002,52.232710999999995,杜香
121.87347200000002,52.228753,杜香
122.44624999999999,52.226269,杜香
122.6207,52.23125600000001,杜香
121.9296,52.209317,杜香
121.768497,52.200972,杜香
121.86043600000002,52.202919,杜香
122.1352988,52.207969999999996,杜香
122.268995,52.20821000000001,杜香
122.29116,52.20058,杜香
122.40425,52.20335800000001,杜香
122.14835999999998,52.19899,杜香
122.16799,52.19452,杜香
121.47683100000002,52.186806,杜香
121.70430600000002,52.190158,杜香
121.91486100000002,52.190694,杜香
122.765442,52.188494,杜香
122.10391,52.17538,杜香
122.687639,52.183194,杜香
122.704028,52.183211,杜香
122.75741100000002,52.183078,杜香
122.17106,52.17337,杜香
122.19095,52.17029,杜香
122.08725000000001,52.16364,杜香
121.399039,52.148472,杜香
121.517639,52.144867,杜香
122.07352000000002,52.14262000000001,杜香
121.382083,52.13793600000001,杜香
121.601531,52.135972,杜香
121.61320599999999,52.13069399999999,杜香
122.17781999999998,52.11943000000001,杜香
121.573194,52.111275,杜香
122.138125,52.110274,杜香
121.88763900000001,52.10319400000001,杜香
121.359053,52.09071900000001,杜香
121.94530000000002,52.089569999999995,杜香
121.629325,52.079325000000004,杜香
121.818472,52.079878,杜香
121.82430600000001,52.069860999999996,杜香
122.1227,52.06143000000001,杜香
122.00892,52.052600000000005,杜香
122.09471,52.05693,杜香
121.233194,52.034044,杜香
122.01487000000002,52.03515000000001,杜香
122.63320600000002,52.041275,杜香
122.10564999999998,52.03067000000001,杜香
122.12694,52.02558,杜香
121.43321899999998,52.012642,杜香
121.856267,52.01459400000001,杜香
121.89136,52.01496999999999,杜香
121.93814999999998,52.01329,杜香
122.15334000000001,52.01187,杜香
121.22708299999998,52.007386,杜香
121.92766,52.00807,杜香
122.17232,52.00451,杜香
122.19014,51.99729,杜香
121.84961000000001,51.98753,杜香
121.91163,51.97914,杜香
121.96674,51.97513000000001,杜香
121.99792,51.96804,杜香
122.02228999999998,51.97448000000001,杜香
122.608769,51.954039,杜香
121.334497,51.945989,杜香
121.384028,51.94069399999999,杜香
121.219325,51.923472,杜香
122.35903899999998,51.919039,杜香
121.33253099999999,51.90541699999999,杜香
122.458767,51.894047,杜香
121.76042,51.88658,杜香
121.80360000000002,51.88966,杜香
121.81125000000002,51.87705,杜香
122.223897,51.86862800000001,杜香
121.34458300000001,51.831547,杜香
121.68919,51.82299,杜香
121.00395,51.80544,杜香
121.74090000000001,51.8045,杜香
121.92436,51.79187,杜香
121.86759000000002,51.78996999999999,杜香
121.90734699999999,51.77815,杜香
121.90875,51.779325,杜香
121.60764200000001,51.768214,杜香
121.96849700000001,51.772936,杜香
121.484883,51.76499999999999,杜香
122.485139,51.760417000000004,杜香
121.61374999999998,51.757917,杜香
121.897431,51.751647000000006,杜香
121.44541699999999,51.732917,杜香
121.685139,51.728211,杜香
121.722642,51.73069400000001,杜香
121.456806,51.717361,杜香
121.721806,51.722936,杜香
121.72599200000002,51.724028,杜香
121.46757199999999,51.70898600000001,杜香
121.582664,51.71152800000001,杜香
121.698761,51.709602999999994,杜香
121.95513900000002,51.715425,杜香
121.68904700000002,51.70625,杜香
121.918472,51.70265799999999,杜香
121.466169,51.6965,杜香
121.484325,51.698194,杜香
121.566269,51.693774999999995,杜香
121.45204399999999,51.68489699999999,杜香
121.51513900000002,51.687083,杜香
121.985697,51.687917,杜香
121.422222,51.680167,杜香
121.442083,51.682639,杜香
121.53903100000001,51.67515000000001,杜香
121.550972,51.680428,杜香
120.497919,51.670156,杜香
121.527639,51.669861,杜香
121.53821400000001,51.672103,杜香
121.53011399999998,51.666517,杜香
121.4496,51.645989,杜香
121.481817,51.636528,杜香
121.498475,51.632928,杜香
121.53903900000002,51.62849200000001,杜香
121.56486100000001,51.62875,杜香
121.518197,51.624322,杜香
121.63959400000002,51.61486099999999,杜香
121.51964999999998,51.5931,杜香
121.5291,51.59641,杜香
121.53779600000001,51.594,杜香
121.54360000000001,51.59187000000001,杜香
121.564586,51.595992,杜香
121.56759000000001,51.59969999999999,杜香
122.51455000000001,51.5983,杜香
122.59014,51.59729,杜香
121.5036,51.58966,杜香
121.51165999999999,51.589200000000005,杜香
121.537642,51.588761,杜香
121.56042000000001,51.58658,杜香
121.56757,51.5912,杜香
121.5951,51.59072,杜香
122.54859,51.59149,杜香
120.509333,51.582239,杜香
121.505,51.5804,杜香
121.51125,51.57705,杜香
121.54961,51.5753,杜香
121.56518,51.57716,杜香
121.56674000000001,51.57513,杜香
121.51973300000002,51.57326,杜香
121.54287,51.57272,杜香
121.59792000000002,51.56804,杜香
122.58500000000001,51.5731,杜香
121.51979999999999,51.562099999999994,杜香
121.53008000000001,51.55939999999999,杜香
121.59589999999999,51.56235,杜香
122.50389,51.562250000000006,杜香
121.51784,51.5556,杜香
121.5546,51.556,杜香
121.56609,51.5536,杜香
121.59776,51.55718999999999,杜香
121.76609000000002,51.55536000000001,杜香
121.85059,51.5541,杜香
121.50790000000002,51.54590999999999,杜香
121.5104,51.544940000000004,杜香
121.51903999999999,51.548823,杜香
121.95104,51.54494,杜香
122.16869400000002,51.548914,杜香
122.342361,51.549028,杜香
122.36469400000001,51.549722,杜香
121.5059,51.541,杜香
121.51488,51.535000000000004,杜香
121.5226,51.53995,杜香
121.52690999999999,51.537389999999995,杜香
121.54719999999999,51.541,杜香
121.50280000000001,51.53143,杜香
122.232083,51.530417,杜香
122.59576000000001,51.5307,杜香
121.50250000000001,51.51849000000001,杜香
121.51399999999998,51.51811,杜香
121.5919,51.52299,杜香
121.71488,51.52335000000001,杜香
121.54708000000001,51.51499999999999,杜香
121.56362000000001,51.5105,杜香
121.581,51.5108,杜香
121.5987,51.50945,杜香
122.56592,51.51042,杜香
121.50394999999999,51.50543999999999,杜香
121.517198,51.50824,杜香
121.5409,51.5045,杜香
121.56380000000001,51.50693,杜香
121.59519999999999,51.50058,杜香
122.03849999999998,51.48731,杜香
122.11455,51.48983,杜香
122.20388999999999,51.46225,杜香
122.369556,51.46552199999999,杜香
122.237386,51.45536100000001,杜香
122.250111,51.45522199999999,杜香
122.341472,51.445161,杜香
122.341997,51.445194,杜香
122.786667,51.441944,杜香
122.094608,51.43319400000001,杜香
122.28518900000002,51.413986,杜香
122.29210799999998,51.41069399999999,杜香
121.53625000000001,51.40646,杜香
122.308989,51.400017,杜香
122.309325,51.399861,杜香
122.32181700000001,51.392639,杜香
122.329583,51.385694,杜香
122.350883,51.372117,杜香
122.534317,51.369583,杜香
122.17968600000002,51.364606,杜香
122.53430600000002,51.362638999999994,杜香
122.05194400000002,51.356567,杜香
122.368194,51.354306,杜香
122.53404700000002,51.355971999999994,杜香
122.38875000000002,51.33652800000001,杜香
121.48025,51.31849,杜香
121.52140000000001,51.31811,杜香
122.431489,51.324139,杜香
120.59958300000001,51.306811,杜香
121.25708300000001,51.301808,杜香
121.46638000000002,51.30693000000001,杜香
121.61872,51.30502,杜香
121.63952,51.300580000000004,杜香
123.01388900000002,51.301944,杜香
120.94958300000002,51.294603,杜香
121.45291,51.29641000000001,杜香
121.77078000000002,51.29346,杜香
122.02500000000002,51.294444,杜香
122.05736399999999,51.293194,杜香
122.61324399999998,51.292992,杜香
122.812222,51.294444,杜香
123.0225,51.29805600000001,杜香
120.56474400000002,51.289656,杜香
120.608481,51.286467,杜香
120.92486100000002,51.286528,杜香
121.42991,51.28909000000001,杜香
122.190972,51.284878000000006,杜香
122.60661099999999,51.28875,杜香
123.034167,51.288056,杜香
121.212372,51.282917,杜香
121.62636,51.280080000000005,杜香
123.46527800000001,51.276944,杜香
122.482083,51.274306,杜香
122.80500000000002,51.272222,杜香
122.818889,51.27499999999999,杜香
123.46583300000002,51.271389,杜香
121.190794,51.265530999999996,杜香
121.370997,51.264583,杜香
122.830556,51.263889,杜香
121.13876899999998,51.250139,杜香
121.35654700000002,51.251806,杜香
122.840278,51.253889,杜香
123.024444,51.251111,杜香
123.242222,51.255556000000006,杜香
121.139369,51.249369,杜香
123.02027800000002,51.244167,杜香
123.23805599999999,51.248332999999995,杜香
121.335433,51.233472,杜香
122.63174700000002,51.238739,杜香
123.223889,51.236667,杜香
123.22777800000001,51.238611,杜香
123.22833300000002,51.227778,杜香
123.09083300000002,51.22138900000001,杜香
123.225556,51.219444,杜香
123.324444,51.21722199999999,杜香
123.33027800000002,51.220833,杜香
123.32472200000001,51.216389,杜香
123.325833,51.216111,杜香
120.528228,51.207333,杜香
123.05333300000001,51.201667,杜香
123.325833,51.200278000000004,杜香
120.514317,51.19819400000001,杜香
121.10708300000002,51.196808,杜香
123.32666700000001,51.196944,杜香
120.88402800000001,51.18625,杜香
123.153611,51.185833,杜香
123.324444,51.18472200000001,杜香
121.104047,51.177941999999994,杜香
123.337222,51.174167,杜香
120.279028,51.164308,杜香
123.11388900000001,51.165278,杜香
123.35027800000002,51.162222,杜香
120.28956700000002,51.15515799999999,杜香
120.984306,51.14905300000001,杜香
121.292408,51.149361,杜香
121.33933100000002,51.14403900000001,杜香
121.43079,51.145909999999994,杜香
122.194797,51.147906,杜香
122.378889,51.144444,杜香
120.552083,51.138219,杜香
122.205167,51.135794,杜香
123.394167,51.134722,杜香
120.482372,51.131808,杜香
120.927083,51.13069399999999,杜香
122.61265,51.125972,杜香
121.270117,51.095564,杜香
122.21827799999998,51.095111,杜香
120.944583,51.086275,杜香
121.282083,51.070694,杜香
122.23005300000001,51.071522,杜香
123.321111,51.071944,杜香
123.32722200000002,51.068611000000004,杜香
123.34222200000002,51.073333,杜香
123.31638900000002,51.065833,杜香
120.71125,51.052092,杜香
121.29487799999998,51.050417,杜香
120.72125,51.044583,杜香
121.296528,51.049861,杜香
121.27766400000002,51.03730600000001,杜香
123.62222200000001,51.026667,杜香
123.63555600000001,51.026944,杜香
120.85041699999998,51.020972,杜香
123.60805600000002,51.018333,杜香
123.61583300000001,51.021111,杜香
123.625,51.022778,杜香
121.323147,50.994494,杜香
123.086667,50.995,杜香
123.09472199999999,50.993610999999994,杜香
123.129722,50.994721999999996,杜香
123.13722200000001,50.995278000000006,杜香
123.141944,50.99555599999999,杜香
123.1675,50.995833000000005,杜香
123.177222,50.994444,杜香
122.783889,50.975556,杜香
120.828611,50.967639,杜香
122.789167,50.975,杜香
122.803056,50.971389,杜香
122.81694399999999,50.97055600000001,杜香
122.84805599999999,50.973889,杜香
122.854444,50.974444,杜香
122.885556,50.9725,杜香
120.83958299999999,50.955417,杜香
123.59,50.952222,杜香
123.58944400000001,50.949444,杜香
123.593889,50.948333,杜香
122.929444,50.94,杜香
123.6075,50.94,杜香
123.70972200000001,50.928333,杜香
123.71944400000001,50.927778000000004,杜香
123.225278,50.925,杜香
123.703611,50.92333299999999,杜香
123.34055599999999,50.915278,杜香
123.34861100000002,50.916389,杜香
122.61861100000002,50.901944,杜香
123.21833299999999,50.9075,杜香
121.67125,50.897361,杜香
122.629167,50.893889,杜香
122.62361100000001,50.888056,杜香
122.635556,50.888333,杜香
122.636667,50.87861099999999,杜香
120.34263899999999,50.86875,杜香
123.361389,50.85111100000001,杜香
122.173858,50.830694,杜香
122.66111100000002,50.83,杜香
122.66916699999999,50.825556,杜香
122.67083300000002,50.820556,杜香
122.14133300000002,50.81290799999999,杜香
123.315833,50.809722,杜香
123.324167,50.813056,杜香
122.03902800000002,50.800417,杜香
123.307222,50.806944,杜香
120.910469,50.790597,杜香
122.79444400000001,50.787778,杜香
122.938056,50.78583299999999,杜香
122.94499999999998,50.78777800000001,杜香
123.409167,50.790833,杜香
122.75999999999999,50.778333,杜香
122.773333,50.782778,杜香
122.93166700000002,50.778056,杜香
123.06611100000002,50.77972199999999,杜香
123.363889,50.781944,杜香
123.38194400000002,50.783056,杜香
121.96916700000001,50.774306,杜香
122.914167,50.76666699999999,杜香
122.919444,50.769444,杜香
122.24597200000001,50.758761,杜香
122.87861100000002,50.76416699999999,杜香
122.89333300000001,50.763056,杜香
122.460278,50.753889,杜香
122.279067,50.743508,杜香
122.428889,50.743889,杜香
122.46944400000001,50.738611000000006,杜香
122.341261,50.731822,杜香
122.43944400000001,50.728889,杜香
122.455556,50.721111,杜香
122.99666700000002,50.724167,杜香
123.002778,50.719167,杜香
122.46722199999999,50.711389,杜香
122.480278,50.7125,杜香
123.781111,50.711389,杜香
122.46833300000002,50.70555600000001,杜香
122.464167,50.697778,杜香
122.458889,50.680833,杜香
121.927386,50.655694000000004,杜香
122.03041700000001,50.645697,杜香
122.44138900000002,50.648889000000004,杜香
122.57555600000002,50.646667,杜香
122.675,50.646944,杜香
122.34583300000001,50.63691699999999,杜香
122.653056,50.640278,杜香
122.053739,50.628606,杜香
122.067664,50.628472,杜香
122.26650299999999,50.628106,杜香
122.318194,50.62515,杜香
122.37765000000002,50.632083,杜香
122.556111,50.62638900000001,杜香
122.053753,50.618194,杜香
122.26654700000002,50.624861,杜香
122.340833,50.62041700000001,杜香
122.25611400000001,50.611281,杜香
122.56805600000001,50.609167,杜香
122.06875000000001,50.603472,杜香
122.133889,50.607481,杜香
122.265417,50.60681700000001,杜香
122.32680600000002,50.603492,杜香
122.548611,50.595556,杜香
122.759722,50.576111,杜香
122.789167,50.58194399999999,杜香
122.14000000000001,50.571250000000006,杜香
122.52527799999999,50.572222,杜香
122.71916699999998,50.569167,杜香
122.730833,50.573611,杜香
122.738333,50.574167,杜香
122.75027800000001,50.574444,杜香
122.128356,50.552481,杜香
122.529722,50.556944,杜香
122.246361,50.54310600000001,杜香
122.771389,50.536111,杜香
122.77916700000002,50.53777800000001,杜香
121.950436,50.52125300000001,杜香
122.08933100000002,50.515436,杜香
122.510833,50.490278000000004,杜香
122.14876700000002,50.4682,杜香
123.71027799999999,50.473889,杜香
121.622686,50.46324200000001,杜香
121.150428,50.45513900000001,杜香
123.78805600000001,50.439444,杜香
121.983219,50.392917000000004,杜香
121.94584400000001,50.385958,杜香
121.439194,50.36346700000001,杜香
121.54944399999998,50.31680600000001,杜香
121.95125,50.310972,杜香
121.43847200000002,50.29097199999999,杜香
121.94261099999999,50.289278,杜香
122.032361,50.258889,杜香
121.77597200000001,50.232361,杜香
121.96325,50.224667,杜香
121.71888899999999,50.189417,杜香
121.740694,50.175694,杜香
121.517639,50.134306,杜香
121.51638899999999,50.133056,杜香
121.528889,50.127193999999996,杜香
121.534306,50.130694,杜香
121.5425,50.118056,杜香
121.595778,50.095833,杜香
121.61425,50.084861,杜香
121.67625,49.977222,杜香
122.348639,49.972806,杜香
122.330972,49.899878,杜香
121.55688900000001,49.859472,杜香
122.06050799999998,49.844333,杜香
122.236389,49.78125000000001,杜香
122.078889,49.605556,杜香
120.657086,47.405972,杜香
120.570908,47.388181,杜香
120.530281,47.369539,杜香
120.5825,47.35736700000001,杜香
120.60185799999999,47.138119,杜香
120.50324999999998,51.71404999999999,小黄花菜
120.527,51.706361,小黄花菜
120.510111,51.656464,小黄花菜
120.31639400000002,51.501636,小黄花菜
120.522128,51.44754999999999,小黄花菜
122.27477799999998,51.43813599999999,小黄花菜
122.223392,51.397883,小黄花菜
120.391667,51.314164,小黄花菜
120.38896700000001,50.901389,小黄花菜
121.577361,50.799200000000006,小黄花菜
121.49955800000001,50.783075,小黄花菜
120.594611,50.737131,小黄花菜
121.223183,50.726192,小黄花菜
120.57291700000002,50.71905,小黄花菜
120.609861,50.72227500000001,小黄花菜
120.52074999999999,50.71012199999999,小黄花菜
121.27405300000001,50.698592,小黄花菜
121.67801700000001,50.697392,小黄花菜
123.14027800000001,50.658611,小黄花菜
123.9125,50.651388999999995,小黄花菜
123.72694400000002,50.62861100000001,小黄花菜
121.517544,50.607575,小黄花菜
121.549417,50.594497,小黄花菜
121.55513900000001,50.595139,小黄花菜
123.17583300000001,50.579167,小黄花菜
123.88916699999999,50.567222,小黄花菜
121.03507200000001,50.551503,小黄花菜
123.098333,50.55638900000001,小黄花菜
121.5009,50.547092,小黄花菜
120.96365000000002,50.5307,小黄花菜
121.90353600000002,50.495614,小黄花菜
123.700278,50.332222,小黄花菜
123.4725,50.3225,小黄花菜
123.483056,50.32416700000001,小黄花菜
123.48388900000002,50.32,小黄花菜
123.496111,50.316944,小黄花菜
123.511667,50.316667,小黄花菜
123.50444400000002,50.315,小黄花菜
123.568333,50.301944,小黄花菜
124.90174299999998,50.257068000000004,小黄花菜
120.95031699999998,50.23463900000001,小黄花菜
121.258333,50.225917,小黄花菜
121.2475,50.223697,小黄花菜
121.19888900000001,50.209444,小黄花菜
121.22111100000001,50.216028,小黄花菜
121.02330599999999,50.205302999999994,小黄花菜
121.14250000000001,50.200444,小黄花菜
121.163056,50.201667,小黄花菜
122.25888899999998,50.206139,小黄花菜
123.7825,50.19777800000001,小黄花菜
123.79,50.176667,小黄花菜
123.79500000000002,50.161111000000005,小黄花菜
123.806667,50.15888900000001,小黄花菜
124.96173700000001,50.164784,小黄花菜
121.806944,50.1425,小黄花菜
123.566944,50.135833,小黄花菜
123.568392,50.101899,小黄花菜
124.948291,50.065703,小黄花菜
123.95487500000002,50.045025,小黄花菜
124.966713,50.045522,小黄花菜
123.938862,50.036461,小黄花菜
123.944543,50.037134,小黄花菜
124.04107800000001,50.018813,小黄花菜
121.31036100000001,50.005389,小黄花菜
124.071936,49.99717,小黄花菜
121.35425,49.980306,小黄花菜
124.098888,49.98333300000001,小黄花菜
124.14343100000002,49.967177,小黄花菜
124.14106299999999,49.955468,小黄花菜
124.162654,49.953922,小黄花菜
124.17554699999998,49.952929000000005,小黄花菜
124.23909999999998,49.940849,小黄花菜
123.91914299999999,49.909347000000004,小黄花菜
121.59761100000001,49.8675,小黄花菜
121.63844400000002,49.85536100000001,小黄花菜
123.654167,49.81000000000001,小黄花菜
123.65944400000001,49.806944,小黄花菜
123.542778,49.793889,小黄花菜
121.082389,49.712806,小黄花菜
121.45685953,49.69533742,小黄花菜
123.626667,49.699167,小黄花菜
121.218694,49.667333000000006,小黄花菜
123.118056,49.634167,小黄花菜
121.535939,49.630022,小黄花菜
121.44738300000002,49.611714,小黄花菜
121.25933100000002,49.605035,小黄花菜
121.29807209,49.59318656,小黄花菜
123.129167,49.594722,小黄花菜
121.266692,49.584942,小黄花菜
121.27407675,49.57765986,小黄花菜
121.353042,49.56407787,小黄花菜
121.53062283000001,49.49437456,小黄花菜
121.578067,49.494969,小黄花菜
121.44614948000002,49.49141891000001,小黄花菜
121.49414462,49.41856397,小黄花菜
121.39298560000002,49.40168521,小黄花菜
121.46053437,49.37435528,小黄花菜
121.38391932000002,49.35414336,小黄花菜
121.52076960999999,49.34611885,小黄花菜
122.76005600000002,49.332408,小黄花菜
122.74361900000001,49.2811,小黄花菜
123.519444,49.26166700000001,小黄花菜
122.61774399999999,49.226689,小黄花菜
122.313056,49.166681000000004,小黄花菜
123.66666700000002,49.161667,小黄花菜
122.355508,49.154064,小黄花菜
122.173581,49.056758,小黄花菜
122.193667,49.050294,小黄花菜
123.873333,49.054444000000004,小黄花菜
121.486661,48.555267,小黄花菜
121.57288600000001,48.506536,小黄花菜
121.57527500000002,48.507558,小黄花菜
121.432456,48.49046400000001,小黄花菜
121.45505800000001,48.483768999999995,小黄花菜
121.418775,48.47600200000001,小黄花菜
121.381133,48.466558,小黄花菜
121.424564,48.463081,小黄花菜
121.27101700000001,48.44418300000001,小黄花菜
121.28998600000001,48.443264,小黄花菜
121.363311,48.438044000000005,小黄花菜
121.523686,48.411197,小黄花菜
121.418475,48.37,小黄花菜
120.93027800000002,48.361667,小黄花菜
121.34700600000001,48.366267,小黄花菜
121.44188099999998,48.363506,小黄花菜
121.14309400000002,48.319392,小黄花菜
121.402481,48.32019,小黄花菜
121.33135799999998,48.295519,小黄花菜
121.28700200000002,48.24101400000001,小黄花菜
121.351,48.232486,小黄花菜
121.37706900000002,48.206175,小黄花菜
121.41062,48.18582000000001,小黄花菜
121.417928,48.184878,小黄花菜
121.373186,48.16385,小黄花菜
121.403147,48.159636,小黄花菜
120.50684699999998,48.117292,小黄花菜
121.242778,48.123889000000005,小黄花菜
121.2625,48.118056,小黄花菜
121.12416700000001,48.115278000000004,小黄花菜
121.322222,48.084167,小黄花菜
120.4586,48.075931,小黄花菜
121.190556,48.07916699999999,小黄花菜
121.280556,48.081111,小黄花菜
121.3075,48.07555599999999,小黄花菜
120.481233,48.074114,小黄花菜
121.26500000000001,48.074167,小黄花菜
121.269167,48.07416700000001,小黄花菜
120.67984700000001,48.043892,小黄花菜
120.492166,48.035610000000005,小黄花菜
120.490583,48.01838899999999,小黄花菜
120.426835,48.012551,小黄花菜
120.423743,47.998761,小黄花菜
120.41744800000001,47.95698000000001,小黄花菜
121.24805600000002,47.9125,小黄花菜
120.540061,47.904869,小黄花菜
120.543564,47.900275,小黄花菜
121.357778,47.875278,小黄花菜
120.55004199999999,47.872911,小黄花菜
121.358056,47.874167,小黄花菜
121.369444,47.871111000000006,小黄花菜
121.381944,47.870278,小黄花菜
121.43250000000002,47.869167,小黄花菜
121.44611099999999,47.873056,小黄花菜
121.42055600000002,47.866111,小黄花菜
121.476667,47.862778,小黄花菜
121.255,47.779444,小黄花菜
121.258333,47.729444,小黄花菜
120.35777799999998,47.692222,小黄花菜
120.35444400000002,47.689167,小黄花菜
120.70502500000002,47.633404000000006,小黄花菜
120.741982,47.626508,小黄花菜
120.773099,47.606075,小黄花菜
120.622354,47.594081,小黄花菜
120.745117,47.594081,小黄花菜
120.76656700000001,47.591706,小黄花菜
120.807314,47.591519,小黄花菜
120.21527800000001,47.57416700000001,小黄花菜
120.708637,47.568534,小黄花菜
120.632698,47.548598,小黄花菜
120.651181,47.531122,小黄花菜
120.69579900000001,47.517132,小黄花菜
120.14027799999998,47.487222,小黄花菜
120.63216200000001,47.426457,小黄花菜
120.645188,47.433131,小黄花菜
120.620199,47.423047,小黄花菜
120.10249999999999,47.416111,小黄花菜
120.11500000000001,47.40944400000001,小黄花菜
120.619689,47.40711,小黄花菜
120.095833,47.39,小黄花菜
120.0575,47.37611100000001,小黄花菜
120.068889,47.376389,小黄花菜
120.0825,47.379722,小黄花菜
120.04944400000001,47.373333,小黄花菜
120.025833,47.366389,小黄花菜
119.95277799999998,47.326111,小黄花菜
119.9175,47.323056,小黄花菜
120.459364,47.323242,小黄花菜
120.569172,47.219533,小黄花菜
120.582831,47.216906,小黄花菜
120.363025,47.214906,小黄花菜
120.274628,47.14293899999999,小黄花菜
122.785556,51.407222,短瓣金莲花
122.79916700000001,51.376943999999995,短瓣金莲花
122.800278,51.381944,短瓣金莲花
120.324019,51.372817,短瓣金莲花
122.79805599999999,51.366944,短瓣金莲花
122.803889,51.36083300000001,短瓣金莲花
122.806944,51.356111000000006,短瓣金莲花
120.365258,51.320667,短瓣金莲花
120.41805600000001,51.32325000000001,短瓣金莲花
120.39147199999998,51.31361100000001,短瓣金莲花
120.41179400000001,51.314667,短瓣金莲花
122.82805600000002,51.291667,短瓣金莲花
122.845833,51.298611,短瓣金莲花
120.290833,51.291006,短瓣金莲花
120.344358,51.288467,短瓣金莲花
120.367686,51.288603,短瓣金莲花
122.835556,51.278889,短瓣金莲花
122.863889,51.250278,短瓣金莲花
120.261531,51.24455,短瓣金莲花
122.845556,51.24472200000001,短瓣金莲花
122.87638900000002,51.229444,短瓣金莲花
122.8875,51.227778,短瓣金莲花
122.882222,51.200556,短瓣金莲花
122.88638899999998,51.191667,短瓣金莲花
122.879444,51.181667,短瓣金莲花
122.89000000000001,51.182778,短瓣金莲花
122.8875,51.168611,短瓣金莲花
122.889722,51.153056,短瓣金莲花
123.065278,51.153611,短瓣金莲花
122.008889,51.145278000000005,短瓣金莲花
122.875278,51.146944000000005,短瓣金莲花
122.89305600000002,51.146389000000006,短瓣金莲花
123.008889,51.145556000000006,短瓣金莲花
122.984722,51.125833,短瓣金莲花
122.959167,51.11750000000001,短瓣金莲花
122.97222199999999,51.119722,短瓣金莲花
122.888056,51.111389,短瓣金莲花
122.941389,51.108889,短瓣金莲花
122.883889,51.104444,短瓣金莲花
122.939722,51.103889,短瓣金莲花
120.56027799999998,51.09320300000001,短瓣金莲花
122.918889,51.059999999999995,短瓣金莲花
122.92694400000002,51.049167,短瓣金莲花
122.665556,51.025278,短瓣金莲花
122.940833,51.021944,短瓣金莲花
122.693333,50.997499999999995,短瓣金莲花
122.709722,50.99388900000001,短瓣金莲花
122.73944400000002,50.99,短瓣金莲花
122.85805600000002,50.988611,短瓣金莲花
122.798889,50.978333,短瓣金莲花
122.85999999999999,50.976667,短瓣金莲花
122.882222,50.980833,短瓣金莲花
122.990833,50.983333,短瓣金莲花
122.82,50.971111,短瓣金莲花
122.883333,50.975,短瓣金莲花
122.89444400000001,50.973889,短瓣金莲花
120.34611099999998,50.897778,短瓣金莲花
123.40666700000001,50.891667,短瓣金莲花
123.411111,50.8875,短瓣金莲花
121.45238300000001,50.87841100000001,短瓣金莲花
123.432778,50.878889,短瓣金莲花
121.46366399999998,50.87269700000001,短瓣金莲花
123.447778,50.868333,短瓣金莲花
123.455278,50.8725,短瓣金莲花
123.447778,50.865278000000004,短瓣金莲花
123.45083300000002,50.858889,短瓣金莲花
122.976667,50.855556,短瓣金莲花
123.448889,50.853056,短瓣金莲花
123.685556,50.852778,短瓣金莲花
122.974444,50.848611,短瓣金莲花
123.679444,50.842778,短瓣金莲花
123.45,50.82444400000001,短瓣金莲花
123.689167,50.824444,短瓣金莲花
123.491667,50.797778,短瓣金莲花
123.691667,50.788889,短瓣金莲花
120.69224199999998,50.783292,短瓣金莲花
123.52277799999999,50.781111,短瓣金莲花
123.53361100000001,50.776944,短瓣金莲花
123.57416700000002,50.77416699999999,短瓣金莲花
123.581944,50.772222000000006,短瓣金莲花
123.596111,50.770833,短瓣金莲花
123.706667,50.7725,短瓣金莲花
123.70638900000002,50.76222200000001,短瓣金莲花
123.69777800000001,50.753889,短瓣金莲花
123.69416700000001,50.747221999999994,短瓣金莲花
123.685278,50.736667,短瓣金莲花
121.413094,50.7271,短瓣金莲花
123.68166700000002,50.731389,短瓣金莲花
120.53995000000002,50.719339,短瓣金莲花
121.901761,50.716844,短瓣金莲花
121.76211899999998,50.694314,短瓣金莲花
121.78803899999998,50.696928,短瓣金莲花
123.157222,50.699167,短瓣金莲花
123.701944,50.6925,短瓣金莲花
120.60653300000001,50.685931000000004,短瓣金莲花
121.760744,50.685681,短瓣金莲花
123.074444,50.684722,短瓣金莲花
123.14,50.683889,短瓣金莲花
123.704722,50.690000000000005,短瓣金莲花
121.70937500000001,50.675881000000004,短瓣金莲花
122.13861099999998,50.683056,短瓣金莲花
123.71138900000001,50.681111,短瓣金莲花
122.795278,50.668333,短瓣金莲花
121.08425800000002,50.66099200000001,短瓣金莲花
121.270289,50.666067,短瓣金莲花
123.173333,50.659722,短瓣金莲花
121.26166100000002,50.652581,短瓣金莲花
123.16499999999999,50.653611000000005,短瓣金莲花
123.21388900000001,50.657222,短瓣金莲花
123.721944,50.655,短瓣金莲花
123.163611,50.649167,短瓣金莲花
121.545528,50.608764,短瓣金莲花
123.32472200000001,50.605278,短瓣金莲花
121.537447,50.588725,短瓣金莲花
121.529414,50.57899200000001,短瓣金莲花
123.15,50.57666700000001,短瓣金莲花
123.32722200000002,50.578889000000004,短瓣金莲花
121.524756,50.568158,短瓣金莲花
123.12111099999998,50.57,短瓣金莲花
123.96805599999999,50.562222,短瓣金莲花
123.63250000000001,50.55166700000001,短瓣金莲花
121.381331,50.539381000000006,短瓣金莲花
121.044169,50.532414,短瓣金莲花
123.9275,50.532222,短瓣金莲花
123.939444,50.531667,短瓣金莲花
121.03939200000002,50.524106,短瓣金莲花
123.081389,50.508610999999995,短瓣金莲花
123.08055600000002,50.508056,短瓣金莲花
123.58,50.481111,短瓣金莲花
121.48899400000002,50.461708,短瓣金莲花
123.52111100000002,50.42916699999999,短瓣金莲花
122.49305599999998,50.413056,短瓣金莲花
122.433056,50.403056,短瓣金莲花
120.95595800000001,50.369536000000004,短瓣金莲花
121.729,50.36072200000001,短瓣金莲花
123.33138900000002,50.350833,短瓣金莲花
122.559444,50.345,短瓣金莲花
121.73999999999998,50.334167,短瓣金莲花
122.573889,50.335278,短瓣金莲花
123.302222,50.339167,短瓣金莲花
120.987536,50.3236,短瓣金莲花
121.12033300000002,50.31721399999999,短瓣金莲花
121.604667,50.320471999999995,短瓣金莲花
121.618889,50.322258,短瓣金莲花
120.98473100000001,50.310008,短瓣金莲花
122.61444399999999,50.311389,短瓣金莲花
122.67083300000002,50.315278,短瓣金莲花
123.71361099999999,50.300833,短瓣金莲花
123.706667,50.299167000000004,短瓣金莲花
124.82805599999999,50.295,短瓣金莲花
123.71500000000002,50.275278,短瓣金莲花
122.204,50.246278000000004,短瓣金莲花
123.74472200000001,50.249167,短瓣金莲花
122.15858300000001,50.237583,短瓣金莲花
123.76027799999999,50.239444,短瓣金莲花
122.24750000000002,50.21408300000001,短瓣金莲花
123.78666699999998,50.211667,短瓣金莲花
123.598611,50.203056,短瓣金莲花
122.703333,50.1975,短瓣金莲花
123.6075,50.191111,短瓣金莲花
122.45472200000002,50.180333,短瓣金莲花
122.707222,50.181111,短瓣金莲花
122.87055600000001,50.175000000000004,短瓣金莲花
122.7,50.16888899999999,短瓣金莲花
122.796944,50.167778,短瓣金莲花
123.392778,50.170556,短瓣金莲花
125.16222200000001,50.16722200000001,短瓣金莲花
122.695278,50.159444,短瓣金莲花
122.87277800000001,50.161667,短瓣金莲花
123.400556,50.156944,短瓣金莲花
122.881667,50.144167,短瓣金莲花
123.395556,50.147778,短瓣金莲花
122.80500000000002,50.1375,短瓣金莲花
123.41861100000001,50.137778,短瓣金莲花
122.859167,50.129167,短瓣金莲花
123.449722,50.13,短瓣金莲花
123.46888900000002,50.12,短瓣金莲花
121.08833299999999,50.11161100000001,短瓣金莲花
122.58749999999999,50.106667,短瓣金莲花
123.704167,50.1025,短瓣金莲花
122.579167,50.091667,短瓣金莲花
124.168333,50.085,短瓣金莲花
125.078056,50.088611,短瓣金莲花
122.579167,50.080556,短瓣金莲花
124.14861100000002,50.078333,短瓣金莲花
122.579167,50.073333,短瓣金莲花
122.82333300000002,50.067778,短瓣金莲花
125.00527800000002,50.065833,短瓣金莲花
122.323806,50.041778,短瓣金莲花
122.806389,50.04638899999999,短瓣金莲花
123.722222,50.046667,短瓣金莲花
121.276333,50.026332999999994,短瓣金莲花
123.75166699999998,50.016111,短瓣金莲花
123.64250000000001,50.00750000000001,短瓣金莲花
124.643611,50.004721999999994,短瓣金莲花
124.120556,49.998889000000005,短瓣金莲花
122.75944400000002,49.98361100000001,短瓣金莲花
124.885278,49.989444,短瓣金莲花
123.123333,49.980278,短瓣金莲花
124.897222,49.98333300000001,短瓣金莲花
122.74083299999998,49.963889,短瓣金莲花
121.427611,49.943639,短瓣金莲花
122.72916700000002,49.94583299999999,短瓣金莲花
122.754444,49.94972200000001,短瓣金莲花
122.75944400000002,49.94416699999999,短瓣金莲花
123.87027800000001,49.943611000000004,短瓣金莲花
122.732778,49.933889,短瓣金莲花
122.737222,49.940833000000005,短瓣金莲花
121.339694,49.930167,短瓣金莲花
123.893333,49.93,短瓣金莲花
121.33441699999999,49.920667,短瓣金莲花
121.40250000000002,49.91536099999999,短瓣金莲花
123.888056,49.91444400000001,短瓣金莲花
121.20997199999998,49.905694,短瓣金莲花
123.2475,49.901944,短瓣金莲花
122.63111099999999,49.889722,短瓣金莲花
123.566667,49.88694400000001,短瓣金莲花
122.663056,49.876944,短瓣金莲花
122.644722,49.872222,短瓣金莲花
121.439222,49.86302800000001,短瓣金莲花
122.0988,49.861622,短瓣金莲花
122.671667,49.855,短瓣金莲花
124.759722,49.855833,短瓣金莲花
124.97472200000001,49.854167,短瓣金莲花
122.624167,49.844167000000006,短瓣金莲花
125.05638900000001,49.843056,短瓣金莲花
122.66861100000001,49.839167,短瓣金莲花
120.96202800000002,49.832639,短瓣金莲花
122.659722,49.821111,短瓣金莲花
122.666944,49.820278,短瓣金莲花
124.23722200000002,49.823889,短瓣金莲花
122.656389,49.815,短瓣金莲花
122.87444400000001,49.808611,短瓣金莲花
122.65861100000001,49.802778000000004,短瓣金莲花
122.90166700000002,49.80388899999999,短瓣金莲花
123.14138899999999,49.802499999999995,短瓣金莲花
123.51555600000002,49.806944,短瓣金莲花
123.571389,49.805833,短瓣金莲花
122.93777800000001,49.792778,短瓣金莲花
123.566667,49.793889,短瓣金莲花
124.154444,49.793889,短瓣金莲花
125.06,49.796667,短瓣金莲花
123.126389,49.785278000000005,短瓣金莲花
124.15027799999999,49.783889,短瓣金莲花
124.04611100000001,49.782222,短瓣金莲花
124.082222,49.781111,短瓣金莲花
123.116389,49.775,短瓣金莲花
122.968056,49.766389,短瓣金莲花
123.46000000000001,49.76,短瓣金莲花
121.49368789,49.75125151,短瓣金莲花
123.11722200000001,49.751111,短瓣金莲花
123.473611,49.753055999999994,短瓣金莲花
121.010306,49.74502799999999,短瓣金莲花
122.127286,49.747044,短瓣金莲花
122.94694400000002,49.742778,短瓣金莲花
123.47388900000001,49.744167000000004,短瓣金莲花
123.839444,49.740833,短瓣金莲花
121.47785624,49.72562783000001,短瓣金莲花
123.39861100000002,49.731389,短瓣金莲花
123.496111,49.727778,短瓣金莲花
121.162472,49.716361,短瓣金莲花
123.029444,49.713611,短瓣金莲花
123.116944,49.715,短瓣金莲花
123.111667,49.70000000000001,短瓣金莲花
123.431389,49.706944,短瓣金莲花
123.561944,49.694444,短瓣金莲花
123.56888900000001,49.694722,短瓣金莲花
123.627222,49.696667000000005,短瓣金莲花
121.44742778,49.68588563,短瓣金莲花
123.07250000000002,49.684167,短瓣金莲花
121.982247,49.676447,短瓣金莲花
121.95215,49.671975,短瓣金莲花
123.10222200000001,49.67027800000001,短瓣金莲花
121.218806,49.666472,短瓣金莲花
121.42619758000001,49.66439536,短瓣金莲花
121.62965300000002,49.65095,短瓣金莲花
123.147222,49.635000000000005,短瓣金莲花
123.16388900000001,49.640278,短瓣金莲花
121.53594400000001,49.63,短瓣金莲花
121.649906,49.626311,短瓣金莲花
123.121944,49.626667,短瓣金莲花
123.126667,49.630556,短瓣金莲花
123.136667,49.629167,短瓣金莲花
121.32870081000002,49.61769836,短瓣金莲花
121.491939,49.624978,短瓣金莲花
123.12472199999999,49.614167,短瓣金莲花
123.129722,49.595556,短瓣金莲花
121.33333805,49.58798477,短瓣金莲花
123.99166699999999,49.58527800000001,短瓣金莲花
121.65225000000001,49.576997,短瓣金莲花
123.965,49.568611000000004,短瓣金莲花
121.269217,49.56101700000001,短瓣金莲花
123.349444,49.548056,短瓣金莲花
123.50916700000002,49.54305599999999,短瓣金莲花
121.285242,49.534564,短瓣金莲花
123.131944,49.515277999999995,短瓣金莲花
123.13416700000002,49.51194400000001,短瓣金莲花
123.153611,49.515277999999995,短瓣金莲花
123.143333,49.503056,短瓣金莲花
121.57418600000001,49.493664,短瓣金莲花
121.60558300000001,49.496508000000006,短瓣金莲花
123.143889,49.493056,短瓣金莲花
123.152778,49.497778000000004,短瓣金莲花
124.19222199999999,49.498889,短瓣金莲花
121.54586995,49.490801270000006,短瓣金莲花
123.14611100000002,49.47555599999999,短瓣金莲花
123.65638900000002,49.4775,短瓣金莲花
121.34756065000002,49.44224545,短瓣金莲花
121.50055488,49.41127897,短瓣金莲花
121.38676355,49.38482347,短瓣金莲花
121.56847087,49.34868905,短瓣金莲花
123.67861099999999,49.343610999999996,短瓣金莲花
121.37982968000001,49.31883659,短瓣金莲花
123.35888899999999,49.3,短瓣金莲花
123.626944,49.283055999999995,短瓣金莲花
123.410833,49.254444,短瓣金莲花
123.424722,49.243056,短瓣金莲花
123.423056,49.236667,短瓣金莲花
122.50801100000001,49.195261,短瓣金莲花
123.861111,49.195833,短瓣金莲花
122.43454700000001,49.167833,短瓣金莲花
123.42944399999999,49.143333,短瓣金莲花
123.44916699999999,49.146667,短瓣金莲花
122.290572,49.118439,短瓣金莲花
122.235308,49.067193999999994,短瓣金莲花
122.18,49.053889000000005,短瓣金莲花
122.208472,49.048983,短瓣金莲花
122.20654400000001,49.017769,短瓣金莲花
122.21608299999998,48.99115,短瓣金莲花
121.459189,48.543789,短瓣金莲花
121.543397,48.537403,短瓣金莲花
121.321369,48.530561,短瓣金莲花
121.520664,48.52332800000001,短瓣金莲花
121.474389,48.51225,短瓣金莲花
121.539208,48.514494,短瓣金莲花
121.34144200000001,48.500653,短瓣金莲花
121.582739,48.493308000000006,短瓣金莲花
121.450664,48.46819200000001,短瓣金莲花
121.374906,48.462864,短瓣金莲花
121.301436,48.444956,短瓣金莲花
121.319214,48.445189,短瓣金莲花
121.34302500000001,48.442508,短瓣金莲花
121.43478900000001,48.444092,短瓣金莲花
121.222247,48.43585300000001,短瓣金莲花
121.255589,48.434425,短瓣金莲花
121.28585799999999,48.440361,短瓣金莲花
121.36186100000002,48.436286,短瓣金莲花
121.36686100000001,48.434028,短瓣金莲花
121.448564,48.432547,短瓣金莲花
120.77083300000001,48.42499999999999,短瓣金莲花
121.507653,48.414728,短瓣金莲花
120.74,48.406667000000006,短瓣金莲花
120.912778,48.39750000000001,短瓣金莲花
121.033333,48.397222,短瓣金莲花
121.04861100000001,48.393889,短瓣金莲花
121.401408,48.396164000000006,短瓣金莲花
121.013333,48.388333,短瓣金莲花
121.0525,48.390833,短瓣金莲花
121.344311,48.38475,短瓣金莲花
121.39040000000001,48.3878,短瓣金莲花
121.38045000000001,48.376996999999996,短瓣金莲花
121.384367,48.38182200000001,短瓣金莲花
120.687778,48.373889,短瓣金莲花
120.87861100000002,48.368056,短瓣金莲花
120.998333,48.373889,短瓣金莲花
121.343786,48.37076900000001,短瓣金莲花
121.36799999999998,48.372461,短瓣金莲花
120.685,48.358611,短瓣金莲花
121.345464,48.366353000000004,短瓣金莲花
120.875278,48.355556,短瓣金莲花
120.93527799999998,48.352222,短瓣金莲花
120.88694399999999,48.345000000000006,短瓣金莲花
120.94499999999998,48.348333,短瓣金莲花
121.330314,48.344147,短瓣金莲花
121.395683,48.346958,短瓣金莲花
120.82777800000001,48.335556,短瓣金莲花
121.29094400000001,48.327208,短瓣金莲花
121.332617,48.326811,短瓣金莲花
120.77999999999999,48.32055600000001,短瓣金莲花
120.81472200000002,48.321667,短瓣金莲花
121.25029699999999,48.319839,短瓣金莲花
121.300144,48.32059699999999,短瓣金莲花
121.382619,48.31155,短瓣金莲花
120.83305600000001,48.30250000000001,短瓣金莲花
121.28126700000001,48.307192,短瓣金莲花
120.80972199999998,48.293333,短瓣金莲花
120.815833,48.277778,短瓣金莲花
121.41478599999999,48.28273600000001,短瓣金莲花
121.25599200000002,48.268883,短瓣金莲花
121.37837800000001,48.261544,短瓣金莲花
121.434903,48.259235999999994,短瓣金莲花
121.347836,48.25529999999999,短瓣金莲花
121.331972,48.239608,短瓣金莲花
120.609167,48.229444,短瓣金莲花
120.62694400000001,48.226111,短瓣金莲花
121.144228,48.228382,短瓣金莲花
121.164848,48.227733,短瓣金莲花
121.34523100000001,48.229047,短瓣金莲花
120.65861100000001,48.21694399999999,短瓣金莲花
120.869444,48.222222,短瓣金莲花
120.95194400000001,48.216944,短瓣金莲花
120.965,48.221389,短瓣金莲花
121.16769600000002,48.220578,短瓣金莲花
121.35570300000002,48.216869,短瓣金莲花
120.909167,48.210832999999994,短瓣金莲花
120.932222,48.213333,短瓣金莲花
120.93083300000002,48.204722,短瓣金莲花
121.30903600000002,48.205425,短瓣金莲花
121.36560000000001,48.203689,短瓣金莲花
120.715,48.19194399999999,短瓣金莲花
120.95027799999998,48.19166700000001,短瓣金莲花
121.11864600000001,48.191496,短瓣金莲花
120.833889,48.178889000000005,短瓣金莲花
120.852778,48.18277799999999,短瓣金莲花
120.97194399999998,48.18,短瓣金莲花
121.13056500000002,48.179942,短瓣金莲花
120.873056,48.164444,短瓣金莲花
120.46777200000001,48.141731,短瓣金莲花
120.73268100000001,48.13547500000001,短瓣金莲花
120.60913300000001,48.130978,短瓣金莲花
121.234167,48.129167,短瓣金莲花
120.71430000000001,48.117669,短瓣金莲花
121.10972200000002,48.1175,短瓣金莲花
120.50315599999999,48.110906,短瓣金莲花
120.47365600000002,48.107781,短瓣金莲花
120.57401099999998,48.108231,短瓣金莲花
120.702522,48.104958,短瓣金莲花
121.132222,48.106111000000006,短瓣金莲花
120.680939,48.091858,短瓣金莲花
121.15055600000001,48.0925,短瓣金莲花
120.459881,48.085206,短瓣金莲花
120.52453099999998,48.083853,短瓣金莲花
121.26000000000002,48.086111,短瓣金莲花
120.54401699999998,48.073594,短瓣金莲花
121.050119,48.073403,短瓣金莲花
121.257222,48.074721999999994,短瓣金莲花
121.264722,48.06944399999999,短瓣金莲花
120.56684999999999,48.060747,短瓣金莲花
120.590642,48.062408,短瓣金莲花
120.76411699999998,48.064039,短瓣金莲花
120.861964,48.066664,短瓣金莲花
120.915158,48.05969699999999,短瓣金莲花
121.059592,48.058817,短瓣金莲花
121.2825,48.062222,短瓣金莲花
120.73533899999998,48.05478299999999,短瓣金莲花
120.88155,48.05185,短瓣金莲花
120.45133100000001,48.046353,短瓣金莲花
120.708164,48.04502200000001,短瓣金莲花
120.93898300000001,48.043675,短瓣金莲花
120.954464,48.048793999999994,短瓣金莲花
120.96973099999998,48.044167,短瓣金莲花
120.99420300000001,48.048397,短瓣金莲花
120.68428100000001,48.039075,短瓣金莲花
120.960797,48.018886,短瓣金莲花
121.31999999999998,48.019722,短瓣金莲花
121.05017199999999,48.01202800000001,短瓣金莲花
121.09732800000002,48.013833,短瓣金莲花
121.21944400000001,48.015833,短瓣金莲花
121.308333,48.015278,短瓣金莲花
121.267778,48.003889,短瓣金莲花
121.44500000000001,48.002778,短瓣金莲花
121.46444399999999,48.00472200000001,短瓣金莲花
121.025997,47.991925,短瓣金莲花
120.70045,47.990831,短瓣金莲花
121.28833299999998,47.986111,短瓣金莲花
121.314722,47.987222,短瓣金莲花
121.32249999999999,47.988056,短瓣金莲花
120.43936900000001,47.975528,短瓣金莲花
121.276111,47.980278,短瓣金莲花
120.421403,47.972628,短瓣金莲花
120.702436,47.97295,短瓣金莲花
120.75071900000002,47.961341999999995,短瓣金莲花
121.521944,47.95,短瓣金莲花
121.54388900000001,47.949722,短瓣金莲花
120.784883,47.938122,短瓣金莲花
120.787519,47.92596700000001,短瓣金莲花
120.56343899999999,47.92143300000001,短瓣金莲花
120.533356,47.912428,短瓣金莲花
121.242778,47.911111000000005,短瓣金莲花
121.28166699999998,47.910833,短瓣金莲花
121.325833,47.911389,短瓣金莲花
121.488611,47.910556,短瓣金莲花
120.612758,47.905819,短瓣金莲花
121.483056,47.900833000000006,短瓣金莲花
120.544981,47.894586,短瓣金莲花
121.475,47.890278,短瓣金莲花
120.64268600000001,47.880453,短瓣金莲花
120.536367,47.868736,短瓣金莲花
120.548447,47.873722,短瓣金莲花
120.695819,47.86251699999999,短瓣金莲花
121.276111,47.863889,短瓣金莲花
121.29083299999999,47.864999999999995,短瓣金莲花
121.45555600000002,47.860278,短瓣金莲花
121.47611100000002,47.86222200000001,短瓣金莲花
120.266667,47.855,短瓣金莲花
120.570778,47.850263999999996,短瓣金莲花
121.155,47.851944,短瓣金莲花
121.171667,47.85722200000001,短瓣金莲花
120.282222,47.846667,短瓣金莲花
120.525372,47.843711,短瓣金莲花
120.53948599999998,47.84856400000001,短瓣金莲花
121.133056,47.845278,短瓣金莲花
121.503333,47.844722,短瓣金莲花
121.548333,47.832221999999994,短瓣金莲花
121.563611,47.826389,短瓣金莲花
121.590278,47.830833,短瓣金莲花
121.60277800000001,47.831389,短瓣金莲花
121.29194400000002,47.819444,短瓣金莲花
120.376667,47.800278000000006,短瓣金莲花
120.79489700000002,47.784431,短瓣金莲花
120.876611,47.785081,短瓣金莲花
121.378056,47.779167,短瓣金莲花
121.439722,47.7775,短瓣金莲花
121.22666700000002,47.770278,短瓣金莲花
121.31333300000001,47.774722,短瓣金莲花
121.468889,47.771389,短瓣金莲花
120.720292,47.761217,短瓣金莲花
120.54722200000002,47.753056,短瓣金莲花
120.78563599999998,47.755817,短瓣金莲花
120.831925,47.750222,短瓣金莲花
120.900075,47.75718299999999,短瓣金莲花
121.062222,47.756389000000006,短瓣金莲花
120.53166700000001,47.746111,短瓣金莲花
120.841786,47.747461,短瓣金莲花
121.09305599999999,47.7475,短瓣金莲花
120.370278,47.740556,短瓣金莲花
120.772492,47.73344699999999,短瓣金莲花
121.155833,47.739722,短瓣金莲花
121.199722,47.736111,短瓣金莲花
120.348611,47.729167,短瓣金莲花
120.36250000000001,47.726111,短瓣金莲花
120.466389,47.719722,短瓣金莲花
120.47972200000001,47.720833,短瓣金莲花
120.486944,47.722778,短瓣金莲花
120.49888900000002,47.723056,短瓣金莲花
120.512222,47.722778,短瓣金莲花
121.066944,47.718056,短瓣金莲花
120.35722200000001,47.70222199999999,短瓣金莲花
121.09416700000001,47.70305599999999,短瓣金莲花
120.369167,47.69416700000001,短瓣金莲花
121.096111,47.69972200000001,短瓣金莲花
120.354722,47.689167,短瓣金莲花
120.355278,47.682222,短瓣金莲花
121.128056,47.683056,短瓣金莲花
120.331111,47.659722,短瓣金莲花
120.85166700000002,47.65861100000001,短瓣金莲花
121.07388899999998,47.661944000000005,短瓣金莲花
121.15277799999998,47.665,短瓣金莲花
121.320556,47.659167,短瓣金莲花
120.31916699999998,47.650833,短瓣金莲花
120.966389,47.65111100000001,短瓣金莲花
120.39750000000001,47.6425,短瓣金莲花
120.86416700000001,47.648611,短瓣金莲花
120.87194399999998,47.641667,短瓣金莲花
121.28444400000001,47.649722,短瓣金莲花
121.021944,47.64,短瓣金莲花
121.01888900000002,47.628889,短瓣金莲花
120.96361100000001,47.609722,短瓣金莲花
120.75914200000001,47.60114399999999,短瓣金莲花
120.74445600000001,47.594717,短瓣金莲花
120.76638300000002,47.592417,短瓣金莲花
120.807675,47.59959700000001,短瓣金莲花
120.802061,47.584469,短瓣金莲花
120.808969,47.590692,短瓣金莲花
120.22388900000001,47.577778,短瓣金莲花
120.22916700000002,47.58,短瓣金莲花
120.690906,47.575881,短瓣金莲花
120.205278,47.57,短瓣金莲花
120.69190800000001,47.566969,短瓣金莲花
120.32444400000001,47.555,短瓣金莲花
120.621981,47.551903,短瓣金莲花
120.336944,47.53611099999999,短瓣金莲花
120.34750000000001,47.539167,短瓣金莲花
120.31472200000002,47.53333299999999,短瓣金莲花
120.30277800000002,47.510833,短瓣金莲花
120.62913300000001,47.513219,短瓣金莲花
120.303333,47.503056,短瓣金莲花
120.622567,47.505464,短瓣金莲花
120.15555600000002,47.5,短瓣金莲花
120.262778,47.492778,短瓣金莲花
120.288333,47.491944,短瓣金莲花
120.139444,47.485278,短瓣金莲花
120.62316900000002,47.48092199999999,短瓣金莲花
120.114167,47.473889,短瓣金莲花
120.612419,47.468494,短瓣金莲花
120.627189,47.470792,短瓣金莲花
120.612142,47.455397,短瓣金莲花
120.014722,47.436111,短瓣金莲花
120.142778,47.429167,短瓣金莲花
120.144444,47.425,短瓣金莲花
120.642447,47.41996700000001,短瓣金莲花
120.190278,47.413333,短瓣金莲花
120.57987800000001,47.41091399999999,短瓣金莲花
120.604922,47.4126,短瓣金莲花
119.98499999999999,47.400556,短瓣金莲花
120.654808,47.40646400000001,短瓣金莲花
119.984167,47.3925,短瓣金莲花
120.145833,47.394167,短瓣金莲花
120.469719,47.393483,短瓣金莲花
120.47341700000001,47.390989,短瓣金莲花
119.98111100000001,47.375278,短瓣金莲花
119.97416700000001,47.361111,短瓣金莲花
119.80055600000001,47.3475,短瓣金莲花
120.10666700000002,47.348333,短瓣金莲花
120.634111,47.346094,短瓣金莲花
119.806389,47.336667,短瓣金莲花
119.920556,47.340833,短瓣金莲花
120.1075,47.337778,短瓣金莲花
119.80277799999999,47.327222000000006,短瓣金莲花
119.96333300000002,47.329722,短瓣金莲花
120.00805599999998,47.327222000000006,短瓣金莲花
120.104444,47.33055600000001,短瓣金莲花
119.849722,47.317778000000004,短瓣金莲花
120.10194400000002,47.322500000000005,短瓣金莲花
120.46133100000002,47.324147,短瓣金莲花
120.49907500000002,47.321981,短瓣金莲花
119.847222,47.315278,短瓣金莲花
120.102222,47.31638900000001,短瓣金莲花
119.83944399999999,47.304722,短瓣金莲花
120.438119,47.304772,短瓣金莲花
119.710556,47.28750000000001,短瓣金莲花
120.48964199999999,47.284817,短瓣金莲花
119.70833300000001,47.281389,短瓣金莲花
119.788611,47.273333,短瓣金莲花
120.431047,47.273319,短瓣金莲花
120.43788299999999,47.2708,短瓣金莲花
119.70666700000001,47.265833,短瓣金莲花
120.527969,47.266328,短瓣金莲花
119.854961,47.254514,短瓣金莲花
119.711111,47.24888899999999,短瓣金莲花
119.86432500000001,47.246622,短瓣金莲花
120.288567,47.243808,短瓣金莲花
119.89157500000002,47.235769,短瓣金莲花
120.288444,47.241233,短瓣金莲花
120.45795300000002,47.238136,短瓣金莲花
120.01833299999998,47.231111,短瓣金莲花
119.911997,47.21823599999999,短瓣金莲花
120.572528,47.218497,短瓣金莲花
120.58916400000001,47.216466999999994,短瓣金莲花
119.926411,47.200058,短瓣金莲花
120.567053,47.204408,短瓣金莲花
120.273308,47.177928,短瓣金莲花
120.009981,47.146022,短瓣金莲花
120.29121900000001,47.14581900000001,短瓣金莲花
120.01500600000001,47.138678,短瓣金莲花
120.29809200000001,47.138097,短瓣金莲花
120.612672,47.134058,短瓣金莲花
119.95549400000002,47.125006,短瓣金莲花
120.5309,47.113172,短瓣金莲花
122.052286,52.356639,偃松
122.19437500000001,52.28371700000001,偃松
121.797072,52.282881,偃松
122.113722,52.280528,偃松
121.755697,52.247856,偃松
122.62028099999999,52.244944,偃松
122.43652800000001,52.235992,偃松
122.631025,52.2385,偃松
122.67298600000001,52.23350000000001,偃松
122.44613299999999,52.226381,偃松
122.620783,52.231339,偃松
122.400278,52.207717,偃松
122.30316,52.199160000000006,偃松
121.47688600000001,52.186856000000006,偃松
122.760778,52.18768599999999,偃松
122.687942,52.18315,偃松
122.704306,52.183,偃松
122.75741100000002,52.183078,偃松
121.39892799999998,52.148508,偃松
121.517592,52.14495,偃松
122.63331700000002,52.041386,偃松
121.334497,51.945989,偃松
121.38413900000002,51.940625,偃松
121.33253099999999,51.90541699999999,偃松
122.458683,51.89401900000001,偃松
122.223897,51.86862800000001,偃松
122.04261099999998,51.840194,偃松
121.2028,51.83143,偃松
121.344611,51.831603,偃松
121.63546000000001,51.78356,偃松
121.68472,51.78341,偃松
121.607697,51.768297,偃松
121.484967,51.765,偃松
122.485256,51.76034700000001,偃松
121.443278,51.7325,偃松
121.456917,51.71745800000001,偃松
121.46757199999999,51.70898600000001,偃松
121.46597200000001,51.696108,偃松
121.484408,51.698111,偃松
121.45204399999999,51.68489699999999,偃松
121.51521700000002,51.687111,偃松
121.422222,51.680167,偃松
121.442008,51.682536,偃松
121.52775000000001,51.669972,偃松
121.44948899999999,51.645877999999996,偃松
121.498558,51.63278900000001,偃松
122.16869400000002,51.548914,偃松
122.342256,51.54911100000001,偃松
122.36469400000001,51.549722,偃松
122.23195000000001,51.530403,偃松
122.237386,51.45536100000001,偃松
122.250111,51.45522199999999,偃松
122.341472,51.445161,偃松
120.85418300000002,51.423311,偃松
120.758444,51.412081,偃松
122.28518900000002,51.413986,偃松
122.291969,51.410805999999994,偃松
120.793239,51.39215600000001,偃松
122.30924200000001,51.39977799999999,偃松
122.32195800000001,51.392472000000005,偃松
122.350883,51.372117,偃松
122.534167,51.369792,偃松
122.534278,51.36275,偃松
120.86346100000002,51.353911000000004,偃松
122.53407499999999,51.355958,偃松
122.653056,51.350832999999994,偃松
122.63111099999999,51.336389,偃松
122.63055599999998,51.32861100000001,偃松
120.46273600000002,51.320578,偃松
122.431489,51.324139,偃松
122.63111099999999,51.32222199999999,偃松
121.79870000000001,51.30944999999999,偃松
122.64833300000001,51.313056,偃松
122.656667,51.309722,偃松
123.031111,51.31083300000001,偃松
123.074722,51.311389,偃松
122.65361100000001,51.3075,偃松
123.03500000000001,51.306667000000004,偃松
123.055,51.307778,偃松
123.092222,51.305833,偃松
123.135833,51.301389,偃松
122.05725299999999,51.293139000000004,偃松
122.613692,51.29407200000001,偃松
123.123889,51.29472200000001,偃松
123.12749999999998,51.294444,偃松
123.13750000000002,51.294444,偃松
123.14888900000001,51.29638899999999,偃松
123.15416700000002,51.292222,偃松
122.190861,51.284767,偃松
122.60661099999999,51.28875,偃松
123.12416700000001,51.290833,偃松
123.158056,51.2875,偃松
123.16111100000002,51.285,偃松
123.464444,51.285833,偃松
123.12250000000002,51.27916700000001,偃松
123.186944,51.278333,偃松
123.45027800000001,51.2825,偃松
123.466111,51.281389,偃松
122.482106,51.274264,偃松
123.3625,51.261667,偃松
123.368889,51.258611,偃松
123.441944,51.26027800000001,偃松
123.24166700000002,51.255833,偃松
123.36638900000001,51.25666699999999,偃松
123.23416700000001,51.2425,偃松
122.63174700000002,51.238739,偃松
121.10407500000001,51.177997000000005,偃松
120.27497200000002,51.167439,偃松
120.282142,51.159572000000004,偃松
120.289125,51.153622,偃松
121.4233008,51.15594,偃松
121.42913,51.15148,偃松
120.98417200000002,51.149081,偃松
120.99649400000001,51.142922,偃松
121.431904,51.148823,偃松
122.194797,51.147906,偃松
120.552056,51.13827499999999,偃松
122.205167,51.138572,偃松
120.482317,51.131836,偃松
122.61251100000001,51.125903,偃松
120.97085600000001,51.12320600000001,偃松
120.9042,51.107317,偃松
121.218278,51.095111,偃松
120.803167,51.08758900000001,偃松
120.944611,51.08633100000001,偃松
121.46842799999999,51.090397,偃松
120.854194,51.078828,偃松
121.429692,51.07829699999999,偃松
120.887531,51.058047,偃松
120.72120000000001,51.044506,偃松
120.97308100000001,51.045819,偃松
120.81705600000001,51.037633,偃松
121.27766400000002,51.03730600000001,偃松
120.834306,51.031169,偃松
120.51422200000002,51.022625,偃松
120.828611,50.967639,偃松
120.839528,50.955528,偃松
123.59,50.952222,偃松
123.58944400000001,50.949444,偃松
123.593889,50.948333,偃松
123.6075,50.94,偃松
122.61861100000002,50.901944,偃松
122.629167,50.893889,偃松
122.62361100000001,50.888056,偃松
122.635556,50.888333,偃松
120.34256400000001,50.868702999999996,偃松
123.58,50.481111,偃松
123.706667,50.299167000000004,偃松
123.74472200000001,50.249167,偃松
123.76027799999999,50.239444,偃松
122.052286,52.356639,越桔
121.99889700000001,52.347389,越桔
122.058669,52.349694,越桔
122.07489700000002,52.34096900000001,越桔
122.027083,52.311156,越桔
122.307517,52.314753,越桔
122.024,52.305158,越桔
122.193667,52.283958,越桔
121.797072,52.282881,越桔
122.113722,52.280528,越桔
122.19858099999999,52.282731000000005,越桔
121.755697,52.247856,越桔
121.98676,52.24502,越桔
122.04927,52.24662,越桔
122.62008300000001,52.24494399999999,越桔
122.09000000000002,52.24141999999999,越桔
122.43652800000001,52.235992,越桔
122.631025,52.2385,越桔
122.67298600000001,52.23350000000001,越桔
121.77710000000002,52.232710999999995,越桔
122.16637999999999,52.2251,越桔
122.44613299999999,52.226381,越桔
122.620783,52.231339,越桔
122.15433,52.221610000000005,越桔
121.86032500000002,52.202808,越桔
122.1352988,52.207969999999996,越桔
122.23064,52.20114000000001,越桔
122.268995,52.20821000000001,越桔
122.29116,52.20058,越桔
122.40425,52.20335800000001,越桔
122.14835999999998,52.19899,越桔
122.16799,52.19452,越桔
122.21456999999998,52.19509000000001,越桔
122.30316,52.199160000000006,越桔
121.47688600000001,52.186856000000006,越桔
122.12500600000001,52.1914,越桔
122.765414,52.18857799999999,越桔
122.10391,52.17538,越桔
122.120704,52.18163500000001,越桔
122.14368,52.17708,越桔
122.687942,52.18315,越桔
122.704306,52.183,越桔
122.75741100000002,52.183078,越桔
122.17106,52.17337,越桔
122.19095,52.17029,越桔
122.08725000000001,52.16364,越桔
121.39892799999998,52.148508,越桔
121.517592,52.14495,越桔
122.07352000000002,52.14262000000001,越桔
121.38212500000002,52.13801900000001,越桔
121.601531,52.136033,越桔
121.613289,52.130689,越桔
122.17781999999998,52.11943000000001,越桔
121.573272,52.111275000000006,越桔
122.09245000000001,52.114299,越桔
122.10705,52.10928,越桔
122.138125,52.110274,越桔
121.887592,52.10320000000001,越桔
122.08065000000002,52.104604,越桔
121.92562000000001,52.09242,越桔
121.35891399999998,52.09080300000001,越桔
121.94530000000002,52.089569999999995,越桔
121.62929699999998,52.079297,越桔
121.824361,52.06998600000001,越桔
121.96413,52.07065,越桔
122.1227,52.06143000000001,越桔
122.28868,52.06046,越桔
122.00892,52.052600000000005,越桔
122.09471,52.05693,越桔
122.19502000000001,52.05771,越桔
121.23325,52.033989,越桔
122.01487000000002,52.03515000000001,越桔
122.63331700000002,52.041386,越桔
122.10564999999998,52.03067000000001,越桔
122.12694,52.02558,越桔
122.00727000000002,52.02215,越桔
121.433331,52.012614,越桔
121.856211,52.01459400000001,越桔
121.89136,52.01496999999999,越桔
121.93814999999998,52.01329,越桔
121.94656,52.0103,越桔
122.15334000000001,52.01187,越桔
121.226978,52.007386000000004,越桔
121.92766,52.00807,越桔
122.17232,52.00451,越桔
122.19014,51.99729,越桔
121.84961000000001,51.98753,越桔
121.89573000000001,51.9869,越桔
121.91163,51.97914,越桔
121.96674,51.97513000000001,越桔
121.94287,51.97272,越桔
121.99792,51.96804,越桔
121.81327999999999,51.95878999999999,越桔
121.837796,51.95394000000001,越桔
121.86362,51.95105,越桔
121.88100000000001,51.95108,越桔
122.60865800000002,51.95414999999999,越桔
121.334497,51.945989,越桔
121.38413900000002,51.940625,越桔
121.91965000000002,51.93931,越桔
121.74708,51.93150000000001,越桔
121.219269,51.923606,越桔
122.358928,51.919067000000005,越桔
121.33253099999999,51.90541699999999,越桔
121.82037,51.90264,越桔
122.458683,51.89401900000001,越桔
121.76042,51.88658,越桔
121.80360000000002,51.88966,越桔
121.81125000000002,51.87705,越桔
121.86518,51.87716,越桔
122.223897,51.86862800000001,越桔
121.93959000000001,51.862350000000006,越桔
121.85198,51.85621,越桔
121.75226000000002,51.83995,越桔
121.82691,51.83739,越桔
122.04261099999998,51.840194,越桔
121.2028,51.83143,越桔
121.344611,51.831603,越桔
121.68919,51.82299,越桔
122.680178,51.822447,越桔
121.00395,51.80544,越桔
121.74090000000001,51.8045,越桔
121.91719800000001,51.80824,越桔
121.71452,51.7979,越桔
121.92436,51.79187,越桔
121.63546000000001,51.78356,越桔
121.68472,51.78341,越桔
121.90305,51.78875,越桔
121.91166,51.78892,越桔
121.67290999999999,51.77709,越桔
121.90734699999999,51.77815,越桔
121.908758,51.77935299999999,越桔
121.92505,51.77565800000001,越桔
121.607697,51.768297,越桔
121.968553,51.772825,越桔
121.484967,51.765,越桔
122.485256,51.76034700000001,越桔
121.613644,51.758014,越桔
121.897431,51.751647000000006,越桔
121.44538900000002,51.733042,越桔
121.685194,51.728156,越桔
121.72275300000001,51.73072799999999,越桔
121.456917,51.71745800000001,越桔
121.46757199999999,51.70898600000001,越桔
121.58263599999998,51.711606,越桔
121.69887200000001,51.709686,越桔
121.95513900000002,51.715508,越桔
121.918472,51.702603,越桔
121.466169,51.6965,越桔
121.49155599999999,51.695639,越桔
121.566242,51.693719,越桔
121.45180300000001,51.684928000000006,越桔
121.51565599999999,51.687122,越桔
121.985614,51.687978,越桔
121.422222,51.680167,越桔
121.44177800000001,51.682711,越桔
121.53911400000001,51.675261,越桔
121.550897,51.680456,越桔
120.497919,51.67001700000001,越桔
121.526642,51.666753,越桔
121.538186,51.672103,越桔
121.53011399999998,51.666517,越桔
121.44948899999999,51.645877999999996,越桔
121.48190000000001,51.636514,越桔
121.498558,51.63278900000001,越桔
121.539094,51.628575,越桔
121.518308,51.624433,越桔
121.564475,51.596103,越桔
121.537753,51.588733,越桔
120.509333,51.582239,越桔
121.79178,51.56207,越桔
121.76609000000002,51.55536000000001,越桔
121.85059,51.5541,越桔
121.95104,51.54494,越桔
122.16869400000002,51.548914,越桔
122.342256,51.54911100000001,越桔
122.36469400000001,51.549722,越桔
122.23195000000001,51.530403,越桔
121.71488,51.52335000000001,越桔
122.06592000000002,51.51042000000001,越桔
122.03849999999998,51.48731,越桔
122.04859000000002,51.49149,越桔
122.11455,51.48983,越桔
120.603081,51.4667,越桔
120.601389,51.462158,越桔
122.20388999999999,51.46225,越桔
122.369556,51.46552199999999,越桔
122.237386,51.45536100000001,越桔
122.250111,51.45522199999999,越桔
122.341472,51.445161,越桔
122.341997,51.445194,越桔
122.788889,51.441667,越桔
122.09575999999998,51.43307,越桔
122.28518900000002,51.413986,越桔
122.291969,51.410805999999994,越桔
121.53625000000001,51.40646,越桔
122.308989,51.400017,越桔
122.30924200000001,51.39977799999999,越桔
122.32184400000001,51.392611,越桔
121.51784,51.38556,越桔
122.329472,51.385806,越桔
121.51973300000002,51.37326,越桔
122.350883,51.372117,越桔
122.534206,51.369694,越桔
122.17968600000002,51.364606,越桔
122.534278,51.36275,越桔
120.86346100000002,51.353911000000004,越桔
122.05194400000002,51.356567,越桔
122.368125,51.354314,越桔
122.53407499999999,51.355958,越桔
122.388833,51.336522,越桔
121.847092,51.329236,越桔
121.48025,51.31849,越桔
121.48623,51.32334,越桔
121.52140000000001,51.31811,越桔
122.431489,51.324139,越桔
121.53538,51.31351,越桔
121.79870000000001,51.30944999999999,越桔
123.031111,51.31083300000001,越桔
123.074722,51.311389,越桔
120.599506,51.30689400000001,越桔
121.25702800000002,51.301836,越桔
121.46638000000002,51.30693000000001,越桔
121.55065999999998,51.3061,越桔
121.58715,51.30776,越桔
121.61872,51.30502,越桔
123.01388900000002,51.301944,越桔
123.03500000000001,51.306667000000004,越桔
123.055,51.307778,越桔
123.092222,51.305833,越桔
123.135833,51.301389,越桔
120.94970000000002,51.294464000000005,越桔
121.45291,51.29641000000001,越桔
121.6522,51.29177,越桔
121.77078000000002,51.29346,越桔
122.02500000000002,51.294444,越桔
122.05725299999999,51.293139000000004,越桔
122.61324399999998,51.292992,越桔
122.812222,51.294444,越桔
123.0225,51.29805600000001,越桔
123.123889,51.29472200000001,越桔
123.12749999999998,51.294444,越桔
123.13750000000002,51.294444,越桔
123.14888900000001,51.29638899999999,越桔
123.15416700000002,51.292222,越桔
120.56474400000002,51.289656,越桔
120.608481,51.286467,越桔
120.924894,51.286481,越桔
121.42991,51.28909000000001,越桔
121.45605,51.28804,越桔
121.55951000000002,51.29072,越桔
122.190861,51.284767,越桔
122.60661099999999,51.28875,越桔
123.034167,51.288056,越桔
123.12416700000001,51.290833,越桔
123.158056,51.2875,越桔
123.16111100000002,51.285,越桔
123.464444,51.285833,越桔
121.21240000000002,51.283028,越桔
121.62636,51.280080000000005,越桔
123.12250000000002,51.27916700000001,越桔
123.186944,51.278333,越桔
123.46527800000001,51.276944,越桔
122.482106,51.274264,越桔
122.80500000000002,51.272222,越桔
122.818889,51.27499999999999,越桔
123.463333,51.273889,越桔
121.190794,51.265530999999996,越桔
121.42384,51.26397,越桔
121.66757,51.25912,越桔
121.356408,51.251689,越桔
123.242222,51.255556000000006,越桔
121.139369,51.249369,越桔
123.23416700000001,51.2425,越桔
121.335433,51.233422,越桔
122.63174700000002,51.238739,越桔
122.66583300000002,51.239167,越桔
123.223889,51.236667,越桔
123.22777800000001,51.238611,越桔
123.22833300000002,51.227778,越桔
123.09083300000002,51.22138900000001,越桔
123.225556,51.219444,越桔
123.324444,51.21722199999999,越桔
123.33027800000002,51.220833,越桔
123.32472200000001,51.216389,越桔
123.325833,51.216111,越桔
120.52820599999998,51.205289,越桔
123.05333300000001,51.201667,越桔
120.51428899999999,51.198231,越桔
121.107097,51.196919,越桔
123.32666700000001,51.196944,越桔
123.324444,51.18472200000001,越桔
121.10407500000001,51.177997000000005,越桔
120.27908300000001,51.164169,越桔
121.28977600000002,51.165719,越桔
123.11388900000001,51.165278,越桔
123.35027800000002,51.162222,越桔
120.28956700000002,51.15515799999999,越桔
121.4233008,51.15594,越桔
121.42913,51.15148,越桔
120.98417200000002,51.149081,越桔
121.292408,51.149361,越桔
121.33944200000002,51.1439,越桔
121.43079,51.145909999999994,越桔
122.194797,51.147906,越桔
122.378889,51.144444,越桔
120.552056,51.13827499999999,越桔
121.40649000000002,51.13881,越桔
122.205167,51.135794,越桔
123.394167,51.134722,越桔
120.482317,51.131836,越桔
120.927139,51.13075,越桔
122.61251100000001,51.125903,越桔
123.361389,51.110556,越桔
123.372222,51.106389,越桔
120.93501399999998,51.097253,越桔
121.270117,51.095564,越桔
122.21827799999998,51.095111,越桔
120.944611,51.08633100000001,越桔
121.773839,51.085539,越桔
122.23005300000001,51.071522,越桔
123.321111,51.071944,越桔
123.33027800000002,51.068889,越桔
123.34222200000002,51.073333,越桔
123.31638900000002,51.065833,越桔
120.71123100000001,51.052175,越桔
121.294933,51.05033900000001,越桔
121.765217,51.054064,越桔
120.72120000000001,51.044506,越桔
121.29641100000002,51.04997800000001,越桔
121.27766400000002,51.03730600000001,越桔
120.834306,51.031169,越桔
123.63555600000001,51.026944,越桔
120.850389,51.020958,越桔
121.323147,50.994494,越桔
123.086667,50.995,越桔
123.09472199999999,50.993610999999994,越桔
123.129722,50.994721999999996,越桔
123.13722200000001,50.995278000000006,越桔
123.141944,50.99555599999999,越桔
123.1675,50.995833000000005,越桔
123.177222,50.994444,越桔
120.828611,50.967639,越桔
122.803056,50.971389,越桔
122.81694399999999,50.97055600000001,越桔
122.84805599999999,50.973889,越桔
122.854444,50.974444,越桔
122.89138900000002,50.970556,越桔
120.839528,50.955528,越桔
121.352397,50.946608,越桔
122.929444,50.94,越桔
120.7591,50.929936,越桔
123.71944400000001,50.927778000000004,越桔
123.225278,50.925,越桔
123.34055599999999,50.915278,越桔
121.67122200000001,50.897333,越桔
123.361389,50.85111100000001,越桔
122.173858,50.830694,越桔
122.14133300000002,50.81290799999999,越桔
123.324167,50.813056,越桔
122.03913899999999,50.800472000000006,越桔
123.304167,50.805278,越桔
120.910469,50.790597,越桔
123.757222,50.788056,越桔
123.06611100000002,50.77972199999999,越桔
123.73833300000001,50.780556,越桔
123.74194400000002,50.782222,越桔
121.96916700000001,50.77422200000001,越桔
122.245847,50.758761,越桔
122.460278,50.753889,越桔
122.279067,50.743508,越桔
122.428889,50.743889,越桔
122.46944400000001,50.738611000000006,越桔
123.18111100000002,50.7375,越桔
122.341178,50.731933,越桔
122.43944400000001,50.728889,越桔
122.455556,50.721111,越桔
122.99666700000002,50.724167,越桔
123.002778,50.719167,越桔
122.46722199999999,50.711389,越桔
122.480278,50.7125,越桔
123.781111,50.711389,越桔
122.46833300000002,50.70555600000001,越桔
122.464167,50.697778,越桔
123.251667,50.69611100000001,越桔
123.73166700000002,50.686111,越桔
122.458889,50.680833,越桔
121.927497,50.65567500000001,越桔
122.03048600000001,50.645585999999994,越桔
122.44138900000002,50.648889000000004,越桔
122.57555600000002,50.646667,越桔
122.34583300000001,50.63691699999999,越桔
122.653056,50.640278,越桔
122.053739,50.628606,越桔
122.067719,50.628389,越桔
122.26650299999999,50.628106,越桔
122.318264,50.625122,越桔
122.37765000000002,50.632083,越桔
122.556111,50.62638900000001,越桔
122.05372500000001,50.618194,越桔
122.26654700000002,50.624944,越桔
122.340833,50.620472,越桔
122.25611400000001,50.611281,越桔
122.57361100000001,50.609722,越桔
122.068792,50.603369,越桔
122.133889,50.607481,越桔
122.26547200000002,50.606761,越桔
122.32686700000001,50.603463999999995,越桔
122.548611,50.595556,越桔
122.759722,50.576111,越桔
122.789167,50.58194399999999,越桔
122.1375,50.571361,越桔
122.508889,50.567778,越桔
122.52527799999999,50.572222,越桔
122.71916699999998,50.569167,越桔
122.730833,50.573611,越桔
122.738333,50.574167,越桔
122.75027800000001,50.574444,越桔
122.128356,50.552481,越桔
122.529722,50.556944,越桔
122.246361,50.54310600000001,越桔
122.771389,50.536111,越桔
122.77916700000002,50.53777800000001,越桔
121.950547,50.52111399999999,越桔
122.08935799999999,50.515464,越桔
122.5225,50.511388999999994,越桔
122.510833,50.490278000000004,越桔
122.148878,50.468283,越桔
123.71027799999999,50.473889,越桔
123.78805600000001,50.439444,越桔
121.98308099999998,50.39295,越桔
121.439194,50.36346700000001,越桔
121.54944399999998,50.316841999999994,越桔
121.95125,50.31102799999999,越桔
121.438389,50.290986,越桔
121.94261099999999,50.289278,越桔
122.032361,50.258889,越桔
121.95725000000002,50.234722,越桔
121.776028,50.232278,越桔
121.96325,50.224667,越桔
122.399917,50.221194000000004,越桔
121.71888899999999,50.189417,越桔
121.740583,50.175639000000004,越桔
121.80961099999999,50.146832999999994,越桔
121.517667,50.134333,越桔
121.51638899999999,50.133056,越桔
121.528889,50.127193999999996,越桔
121.53425000000001,50.130694,越桔
121.5425,50.118056,越桔
121.565,50.107777999999996,越桔
121.57313899999998,50.10300000000001,越桔
121.595778,50.095833,越桔
121.61425,50.084861,越桔
121.26088900000002,50.034861,越桔
122.222611,50.041611,越桔
121.65905599999999,49.986778,越桔
121.67625,49.977222,越桔
122.16755600000002,49.98019399999999,越桔
122.348639,49.972806,越桔
121.55688900000001,49.859472,越桔
122.0988,49.861622,越桔
122.06050799999998,49.844333,越桔
122.236389,49.781283,越桔
121.878611,49.764642,越桔
122.078889,49.605556,越桔
121.6754,49.48381100000001,越桔
121.70871399999999,49.484047,越桔
121.689506,49.477211,越桔
121.51439450000001,49.3417488,越桔
121.15791400000002,52.959275,笃斯越桔
121.308786,52.924386,笃斯越桔
122.052286,52.356639,笃斯越桔
121.99889700000001,52.347389,笃斯越桔
122.058669,52.349694,笃斯越桔
122.07489700000002,52.34096900000001,笃斯越桔
122.00680600000001,52.326889,笃斯越桔
122.027083,52.311156,笃斯越桔
122.307517,52.314753,笃斯越桔
122.024,52.305158,笃斯越桔
122.193667,52.283958,笃斯越桔
121.797072,52.282881,笃斯越桔
121.804131,52.281022,笃斯越桔
122.113722,52.280528,笃斯越桔
122.19858099999999,52.282731000000005,笃斯越桔
121.98676,52.24502,笃斯越桔
122.04927,52.24662,笃斯越桔
122.62008300000001,52.24494399999999,笃斯越桔
121.799619,52.23810300000001,笃斯越桔
121.90081399999998,52.23755,笃斯越桔
122.09000000000002,52.24141999999999,笃斯越桔
122.43652800000001,52.235992,笃斯越桔
122.631025,52.2385,笃斯越桔
121.77710000000002,52.232710999999995,笃斯越桔
121.873367,52.228864,笃斯越桔
122.16637999999999,52.2251,笃斯越桔
122.44673099999999,52.226478,笃斯越桔
121.947839,52.221008,笃斯越桔
122.15433,52.221610000000005,笃斯越桔
121.61832199999999,52.214867,笃斯越桔
121.929683,52.20920600000001,笃斯越桔
121.76855300000001,52.201008,笃斯越桔
121.86032500000002,52.202808,笃斯越桔
122.1352988,52.207969999999996,笃斯越桔
122.29116,52.20058,笃斯越桔
122.14835999999998,52.19899,笃斯越桔
122.16799,52.19452,笃斯越桔
121.704231,52.190158,笃斯越桔
121.91481100000001,52.190561,笃斯越桔
122.12500600000001,52.1914,笃斯越桔
122.10391,52.17538,笃斯越桔
122.120704,52.18163500000001,笃斯越桔
122.14368,52.17708,笃斯越桔
122.17106,52.17337,笃斯越桔
122.19095,52.17029,笃斯越桔
122.08725000000001,52.16364,笃斯越桔
122.07352000000002,52.14262000000001,笃斯越桔
121.38212500000002,52.13801900000001,笃斯越桔
121.601531,52.136033,笃斯越桔
121.613289,52.130689,笃斯越桔
122.17781999999998,52.11943000000001,笃斯越桔
121.573272,52.111275000000006,笃斯越桔
122.09245000000001,52.114299,笃斯越桔
122.10705,52.10928,笃斯越桔
122.138125,52.110274,笃斯越桔
121.887592,52.10320000000001,笃斯越桔
122.08065000000002,52.104604,笃斯越桔
121.35891399999998,52.09080300000001,笃斯越桔
121.62929699999998,52.079297,笃斯越桔
121.81841700000001,52.079822,笃斯越桔
121.824361,52.06998600000001,笃斯越桔
121.96413,52.07065,笃斯越桔
122.1227,52.06143000000001,笃斯越桔
122.28868,52.06046,笃斯越桔
122.00892,52.052600000000005,笃斯越桔
122.09471,52.05693,笃斯越桔
122.19502000000001,52.05771,笃斯越桔
121.23325,52.033989,笃斯越桔
122.01487000000002,52.03515000000001,笃斯越桔
122.10564999999998,52.03067000000001,笃斯越桔
122.12694,52.02558,笃斯越桔
122.00727000000002,52.02215,笃斯越桔
121.433331,52.012614,笃斯越桔
121.856211,52.01459400000001,笃斯越桔
121.93814999999998,52.01329,笃斯越桔
121.94656,52.0103,笃斯越桔
122.15334000000001,52.01187,笃斯越桔
121.226978,52.007386000000004,笃斯越桔
121.92766,52.00807,笃斯越桔
122.17232,52.00451,笃斯越桔
122.19014,51.99729,笃斯越桔
121.84961000000001,51.98753,笃斯越桔
121.96674,51.97513000000001,笃斯越桔
121.94287,51.97272,笃斯越桔
121.99792,51.96804,笃斯越桔
122.02228999999998,51.97448000000001,笃斯越桔
121.837796,51.95394000000001,笃斯越桔
121.86362,51.95105,笃斯越桔
122.60865800000002,51.95414999999999,笃斯越桔
121.334497,51.945989,笃斯越桔
121.38413900000002,51.940625,笃斯越桔
121.91965000000002,51.93931,笃斯越桔
121.74708,51.93150000000001,笃斯越桔
121.219269,51.923606,笃斯越桔
121.79238000000001,51.922880000000006,笃斯越桔
122.358928,51.919067000000005,笃斯越桔
121.33253099999999,51.90541699999999,笃斯越桔
121.82037,51.90264,笃斯越桔
121.80360000000002,51.88966,笃斯越桔
121.81125000000002,51.87705,笃斯越桔
121.86518,51.87716,笃斯越桔
122.223897,51.86862800000001,笃斯越桔
121.93959000000001,51.862350000000006,笃斯越桔
121.85198,51.85621,笃斯越桔
121.75226000000002,51.83995,笃斯越桔
121.82691,51.83739,笃斯越桔
121.2028,51.83143,笃斯越桔
121.344611,51.831603,笃斯越桔
121.68919,51.82299,笃斯越桔
122.62951399999999,51.819183,笃斯越桔
122.680178,51.822447,笃斯越桔
121.00395,51.80544,笃斯越桔
121.74090000000001,51.8045,笃斯越桔
121.84849000000001,51.80413,笃斯越桔
121.91719800000001,51.80824,笃斯越桔
121.86759000000002,51.78996999999999,笃斯越桔
121.91166,51.78892,笃斯越桔
121.90734699999999,51.77815,笃斯越桔
121.92505,51.77565800000001,笃斯越桔
122.485256,51.76034700000001,笃斯越桔
121.897431,51.751647000000006,笃斯越桔
121.421053,51.741783,笃斯越桔
121.44538900000002,51.733042,笃斯越桔
121.685194,51.728156,笃斯越桔
121.456917,51.71745800000001,笃斯越桔
121.721842,51.722825,笃斯越桔
121.72590800000002,51.723967,笃斯越桔
121.46757199999999,51.70898600000001,笃斯越桔
121.69887200000001,51.709686,笃斯越桔
121.95513900000002,51.715508,笃斯越桔
121.688908,51.706258000000005,笃斯越桔
121.918472,51.702603,笃斯越桔
121.566242,51.693719,笃斯越桔
121.45180300000001,51.684928000000006,笃斯越桔
121.985614,51.687978,笃斯越桔
121.44177800000001,51.682711,笃斯越桔
121.53911400000001,51.675261,笃斯越桔
121.550897,51.680456,笃斯越桔
120.497919,51.67001700000001,笃斯越桔
121.526642,51.666753,笃斯越桔
121.538186,51.672103,笃斯越桔
121.53011399999998,51.666517,笃斯越桔
121.48190000000001,51.636514,笃斯越桔
121.539094,51.628575,笃斯越桔
121.56472200000002,51.628708,笃斯越桔
121.518308,51.624433,笃斯越桔
121.63951099999998,51.614814,笃斯越桔
121.564475,51.596103,笃斯越桔
120.509333,51.582239,笃斯越桔
121.79178,51.56207,笃斯越桔
121.76609000000002,51.55536000000001,笃斯越桔
121.85059,51.5541,笃斯越桔
121.95104,51.54494,笃斯越桔
122.16869400000002,51.548914,笃斯越桔
121.71488,51.52335000000001,笃斯越桔
122.06592000000002,51.51042000000001,笃斯越桔
122.03849999999998,51.48731,笃斯越桔
122.04859000000002,51.49149,笃斯越桔
120.603081,51.4667,笃斯越桔
120.601389,51.462158,笃斯越桔
122.20388999999999,51.46225,笃斯越桔
122.237386,51.45536100000001,笃斯越桔
122.250111,51.45522199999999,笃斯越桔
122.341472,51.445161,笃斯越桔
122.341997,51.445194,笃斯越桔
122.786667,51.441944,笃斯越桔
122.788611,51.434722,笃斯越桔
122.09575999999998,51.43307,笃斯越桔
122.28518900000002,51.413986,笃斯越桔
122.291969,51.410805999999994,笃斯越桔
121.53625000000001,51.40646,笃斯越桔
122.308989,51.400017,笃斯越桔
122.796667,51.407778,笃斯越桔
122.30924200000001,51.39977799999999,笃斯越桔
122.32195800000001,51.392472000000005,笃斯越桔
122.795833,51.391944,笃斯越桔
122.830556,51.393333,笃斯越桔
122.843889,51.395556000000006,笃斯越桔
121.51784,51.38556,笃斯越桔
122.329694,51.38552800000001,笃斯越桔
122.79388900000001,51.383056,笃斯越桔
121.51973300000002,51.37326,笃斯越桔
122.350883,51.372117,笃斯越桔
122.711667,51.367778,笃斯越桔
122.72083300000001,51.370278000000006,笃斯越桔
122.803889,51.374444,笃斯越桔
122.17968600000002,51.364606,笃斯越桔
122.72027800000001,51.358611,笃斯越桔
122.75416699999998,51.366389000000005,笃斯越桔
122.8075,51.365556000000005,笃斯越桔
122.388833,51.336522,笃斯越桔
120.874283,51.325964,笃斯越桔
121.847092,51.329236,笃斯越桔
121.48025,51.31849,笃斯越桔
121.48623,51.32334,笃斯越桔
121.52140000000001,51.31811,笃斯越桔
122.431489,51.324139,笃斯越桔
121.53538,51.31351,笃斯越桔
120.599506,51.30689400000001,笃斯越桔
121.46638000000002,51.30693000000001,笃斯越桔
121.55065999999998,51.3061,笃斯越桔
121.58715,51.30776,笃斯越桔
121.61872,51.30502,笃斯越桔
121.63952,51.300580000000004,笃斯越桔
122.812222,51.3075,笃斯越桔
122.8775,51.305,笃斯越桔
120.94970000000002,51.294464000000005,笃斯越桔
120.962358,51.298396999999994,笃斯越桔
121.45291,51.29641000000001,笃斯越桔
121.6522,51.29177,笃斯越桔
122.05725299999999,51.293139000000004,笃斯越桔
122.812222,51.294444,笃斯越桔
122.84750000000001,51.2975,笃斯越桔
120.56474400000002,51.289656,笃斯越桔
120.608481,51.286467,笃斯越桔
120.924894,51.286481,笃斯越桔
121.266247,51.291608,笃斯越桔
121.42991,51.28909000000001,笃斯越桔
121.45605,51.28804,笃斯越桔
121.55951000000002,51.29072,笃斯越桔
122.190861,51.284767,笃斯越桔
122.60661099999999,51.28875,笃斯越桔
122.825833,51.291111,笃斯越桔
121.21240000000002,51.283028,笃斯越桔
121.62636,51.280080000000005,笃斯越桔
123.03361099999998,51.281111,笃斯越桔
122.482106,51.274264,笃斯越桔
122.80500000000002,51.272222,笃斯越桔
122.818889,51.27499999999999,笃斯越桔
122.830556,51.266944,笃斯越桔
123.034722,51.273889,笃斯越桔
123.46749999999999,51.267778,笃斯越桔
121.42384,51.26397,笃斯越桔
122.830556,51.263889,笃斯越桔
123.466389,51.262222,笃斯越桔
121.138658,51.250203,笃斯越桔
121.349475,51.257183,笃斯越桔
121.356408,51.251689,笃斯越桔
122.840278,51.253889,笃斯越桔
123.024444,51.251111,笃斯越桔
121.139369,51.249369,笃斯越桔
123.02027800000002,51.244167,笃斯越桔
123.44000000000001,51.243889,笃斯越桔
121.328344,51.237856,笃斯越桔
121.335433,51.233422,笃斯越桔
122.63174700000002,51.238739,笃斯越桔
122.666389,51.240832999999995,笃斯越桔
122.671111,51.241111,笃斯越桔
122.683056,51.241111,笃斯越桔
123.223889,51.236667,笃斯越桔
123.22777800000001,51.238611,笃斯越桔
123.22833300000002,51.227778,笃斯越桔
123.09083300000002,51.22138900000001,笃斯越桔
123.20305600000002,51.220556,笃斯越桔
123.213056,51.217778,笃斯越桔
123.225556,51.218332999999994,笃斯越桔
123.324444,51.21722199999999,笃斯越桔
123.153889,51.213611,笃斯越桔
123.32472200000001,51.216389,笃斯越桔
123.325833,51.216111,笃斯越桔
120.52820599999998,51.205289,笃斯越桔
123.17472200000002,51.201111,笃斯越桔
123.18055600000001,51.203056,笃斯越桔
123.325833,51.200278000000004,笃斯越桔
123.411944,51.200556,笃斯越桔
120.51428899999999,51.198231,笃斯越桔
123.32666700000001,51.196944,笃斯越桔
120.88395800000002,51.186272,笃斯越桔
123.153611,51.185833,笃斯越桔
123.324444,51.18472200000001,笃斯越桔
123.326111,51.184167,笃斯越桔
123.519444,51.183889,笃斯越桔
123.526667,51.185278,笃斯越桔
123.079167,51.179444,笃斯越桔
123.50083300000001,51.175556,笃斯越桔
123.51222199999998,51.181110999999994,笃斯越桔
120.96866400000002,51.16864199999999,笃斯越桔
123.07694400000001,51.171944,笃斯越桔
123.337222,51.174167,笃斯越桔
123.346389,51.16777799999999,笃斯越桔
121.28977600000002,51.165719,笃斯越桔
123.11388900000001,51.165278,笃斯越桔
123.35027800000002,51.162222,笃斯越桔
121.28383,51.15561,笃斯越桔
123.10111099999999,51.151389,笃斯越桔
120.98417200000002,51.149081,笃斯越桔
121.43079,51.145909999999994,笃斯越桔
122.194797,51.147906,笃斯越桔
122.378889,51.144444,笃斯越桔
122.91527799999999,51.143611,笃斯越桔
122.92972200000001,51.14611099999999,笃斯越桔
123.111667,51.148333,笃斯越桔
123.299167,51.14333299999999,笃斯越桔
123.34055599999999,51.14611099999999,笃斯越桔
123.347778,51.147222,笃斯越桔
121.29555300000001,51.139889,笃斯越桔
121.40649000000002,51.13881,笃斯越桔
122.92111100000001,51.140278,笃斯越桔
122.940833,51.140556,笃斯越桔
122.94472200000001,51.136667,笃斯越桔
120.482317,51.131836,笃斯越桔
120.927139,51.13075,笃斯越桔
122.94000000000001,51.131944,笃斯越桔
122.681667,51.125,笃斯越桔
122.76916699999998,51.121667,笃斯越桔
122.778889,51.123611,笃斯越桔
122.86777800000002,51.12055600000001,笃斯越桔
122.82444400000001,51.108889,笃斯越桔
122.91861099999998,51.11472200000001,笃斯越桔
120.93501399999998,51.097253,笃斯越桔
121.270117,51.095564,笃斯越桔
123.38583299999999,51.091667,笃斯越桔
123.404167,51.098611,笃斯越桔
121.773839,51.085539,笃斯越桔
123.367222,51.083611,笃斯越桔
123.384167,51.090556,笃斯越桔
123.365556,51.083056000000006,笃斯越桔
122.23005300000001,51.071522,笃斯越桔
122.9175,51.063610999999995,笃斯越桔
120.71123100000001,51.052175,笃斯越桔
121.765217,51.054064,笃斯越桔
122.925556,51.052778000000004,笃斯越桔
120.72120000000001,51.044506,笃斯越桔
122.9275,51.045833,笃斯越桔
123.62222200000001,51.026667,笃斯越桔
120.84972200000001,51.021581,笃斯越桔
123.608611,51.020833,笃斯越桔
123.58,51.014444,笃斯越桔
121.323147,50.994494,笃斯越桔
123.086667,50.995,笃斯越桔
123.09472199999999,50.993610999999994,笃斯越桔
123.10972199999999,50.995,笃斯越桔
123.121944,50.995278000000006,笃斯越桔
123.14083300000001,50.99638900000001,笃斯越桔
123.148333,50.996944,笃斯越桔
123.1675,50.995833000000005,笃斯越桔
123.177222,50.994444,笃斯越桔
123.19,50.996111,笃斯越桔
123.054722,50.984722,笃斯越桔
122.783889,50.975556,笃斯越桔
123.045,50.982778,笃斯越桔
120.828611,50.967639,笃斯越桔
122.789167,50.975,笃斯越桔
122.803056,50.971389,笃斯越桔
122.854444,50.974444,笃斯越桔
122.885556,50.9725,笃斯越桔
120.839528,50.955528,笃斯越桔
121.352397,50.946608,笃斯越桔
122.929444,50.94,笃斯越桔
120.7591,50.929936,笃斯越桔
120.810383,50.922417,笃斯越桔
120.7014,50.910714,笃斯越桔
121.671194,50.897306,笃斯越桔
123.715833,50.889444,笃斯越桔
122.636667,50.87861099999999,笃斯越桔
122.65250000000002,50.868056,笃斯越桔
120.641453,50.850489,笃斯越桔
122.893889,50.858333,笃斯越桔
123.361389,50.85111100000001,笃斯越桔
122.18788900000001,50.842056,笃斯越桔
122.665,50.839722,笃斯越桔
122.173858,50.830694,笃斯越桔
122.66111100000002,50.83,笃斯越桔
123.3425,50.819444,笃斯越桔
122.14133300000002,50.81290799999999,笃斯越桔
123.315833,50.809722,笃斯越桔
122.786111,50.797778,笃斯越桔
122.675278,50.790833,笃斯越桔
123.06611100000002,50.77972199999999,笃斯越桔
122.245847,50.758761,笃斯越桔
122.460278,50.753889,笃斯越桔
121.74930000000002,50.744256,笃斯越桔
122.428889,50.743889,笃斯越桔
121.77802799999999,50.73694700000001,笃斯越桔
122.46944400000001,50.738611000000006,笃斯越桔
123.18111100000002,50.7375,笃斯越桔
123.18750000000001,50.736943999999994,笃斯越桔
122.341178,50.731933,笃斯越桔
122.43944400000001,50.728889,笃斯越桔
123.173889,50.726667,笃斯越桔
123.180833,50.730556,笃斯越桔
123.184722,50.731944,笃斯越桔
122.455556,50.721111,笃斯越桔
122.46722199999999,50.711389,笃斯越桔
122.480278,50.7125,笃斯越桔
123.781111,50.711389,笃斯越桔
121.900772,50.703283,笃斯越桔
121.924844,50.701875,笃斯越桔
122.46833300000002,50.70555600000001,笃斯越桔
122.464167,50.697778,笃斯越桔
123.25750000000001,50.699166999999996,笃斯越桔
123.751389,50.697778,笃斯越桔
122.24722199999998,50.691111,笃斯越桔
123.244444,50.688333,笃斯越桔
122.458889,50.680833,笃斯越桔
121.927497,50.65567500000001,笃斯越桔
122.03048600000001,50.645585999999994,笃斯越桔
122.44138900000002,50.648889000000004,笃斯越桔
122.57555600000002,50.646667,笃斯越桔
122.653056,50.640278,笃斯越桔
122.053739,50.628606,笃斯越桔
122.067719,50.628389,笃斯越桔
122.556111,50.62638900000001,笃斯越桔
122.56805600000001,50.609167,笃斯越桔
122.133889,50.607481,笃斯越桔
122.548611,50.595556,笃斯越桔
122.759722,50.576111,笃斯越桔
122.789167,50.58194399999999,笃斯越桔
122.52527799999999,50.572222,笃斯越桔
122.71916699999998,50.569167,笃斯越桔
122.730833,50.573611,笃斯越桔
122.75027800000001,50.574444,笃斯越桔
122.128356,50.552481,笃斯越桔
122.78694399999999,50.541667,笃斯越桔
122.771389,50.536111,笃斯越桔
121.950547,50.52111399999999,笃斯越桔
122.08935799999999,50.515464,笃斯越桔
122.5225,50.511388999999994,笃斯越桔
122.510833,50.490278000000004,笃斯越桔
122.148878,50.468283,笃斯越桔
121.622686,50.46324200000001,笃斯越桔
121.1504,50.455033,笃斯越桔
121.98308099999998,50.39295,笃斯越桔
121.94584400000001,50.385958,笃斯越桔
121.439194,50.36346700000001,笃斯越桔
121.54944399999998,50.316841999999994,笃斯越桔
121.941056,50.295944,笃斯越桔
121.438389,50.290986,笃斯越桔
121.94261099999999,50.289278,笃斯越桔
121.95241699999998,50.279472,笃斯越桔
122.032361,50.258889,笃斯越桔
121.78047200000002,50.242111,笃斯越桔
121.95725000000002,50.234722,笃斯越桔
122.674167,50.239444,笃斯越桔
121.776028,50.232278,笃斯越桔
121.96325,50.224667,笃斯越桔
122.399917,50.221194000000004,笃斯越桔
122.418389,50.21580600000001,笃斯越桔
121.7735,50.19625,笃斯越桔
121.71888899999999,50.189417,笃斯越桔
121.740583,50.175639000000004,笃斯越桔
122.460528,50.169944,笃斯越桔
121.83166700000001,50.157444,笃斯越桔
121.80961099999999,50.146832999999994,笃斯越桔
121.517667,50.134333,笃斯越桔
121.51638899999999,50.133056,笃斯越桔
121.528889,50.127193999999996,笃斯越桔
121.5425,50.118056,笃斯越桔
121.94074999999998,50.120889,笃斯越桔
121.565,50.107777999999996,笃斯越桔
121.57313899999998,50.10300000000001,笃斯越桔
121.595778,50.095833,笃斯越桔
121.619861,50.069583,笃斯越桔
121.740833,50.073278,笃斯越桔
122.222611,50.041611,笃斯越桔
122.32802800000002,50.035139,笃斯越桔
122.01916700000001,49.98875,笃斯越桔
121.67625,49.977222,笃斯越桔
122.16755600000002,49.98019399999999,笃斯越桔
122.348639,49.972806,笃斯越桔
122.15577800000001,49.966194,笃斯越桔
121.835833,49.95625,笃斯越桔
121.44347199999999,49.946361,笃斯越桔
121.10400000000001,49.906417,笃斯越桔
122.330978,49.899989,笃斯越桔
122.127114,49.88850300000001,笃斯越桔
122.0988,49.861622,笃斯越桔
121.462389,49.857417,笃斯越桔
122.236389,49.781283,笃斯越桔
121.51515331,49.76008006,笃斯越桔
121.878611,49.764642,笃斯越桔
122.22400300000001,49.700372,笃斯越桔
122.025375,49.685889,笃斯越桔
122.078889,49.605556,笃斯越桔
121.41762633,49.26690817000001,笃斯越桔
